Alaska Chameber ,U.S. Chamber Member,www.alaskachamber.com,(907)278-2722," 471 West 36th Ave, Suite 200 "," Anchorage, AK 99503 ",
Anchorage Chamber of Commerce ,U.S. Chamber Member,www.anchoragechamber.org,(907)272-2401," 1016 West 6th Ave, Suite 303 "," Anchorage, AK 99501 ",5 / 5
Chugiak-Eagle River Chamber of Commerce ,U.S. Chamber Member,www.cer.org,(907)694-4702," 12001 Business Blvd, Suite 108 "," Eagle River, AK 99577 ",
Denali Chamber of Commerce ,U.S. Chamber Member,www.denalichamber.com,(907)683-4636, PO Box 437," Healy, AK 99743 ",
Greater Fairbanks Chamber of Commerce ,U.S. Chamber Member,www.fairbankschamber.org,(907)374-6706," 100 Cushman St, Ste 102 "," Fairbanks, AK 99701 ",
Greater Ketchikan Chamber of Commerce ,U.S. Chamber Member,www.ketchikanchamber.com,(907)225-3184, 2417 Tongass Ave," Ketchikan, AK 99901 ",
Greater Sitka Chamber of Commerce ,U.S. Chamber Member,www.sitkachamber.com/,(907)747-8604, 104 Lake St," Sitka, AK 99835 ",
Greater Wasilla Chamber of Commerce ,U.S. Chamber Member,www.wasillachamber.org,(907)376-1299, 415 East Railroad Ave," Wasilla, AK 99654 ",
Juneau Chamber of Commerce ,U.S. Chamber Member,www.juneauchamber.com,(907)463-3488," 9301 Glacier Hwy, Suite 110 "," Juneau, AK 99801 ",
Kenai Chamber of Commerce & Visitor Center ,U.S. Chamber Member,www.kenaichamber.org/,(907)283-1991, 11471 Kenai Spur Hwy," Kenai, AK 99611 ",
Kodiak Chamber of Commerce ,U.S. Chamber Member,www.kodiakchamber.org,(907)486-5557," 100 East Marine Way, Suite 300 "," Kodiak, AK 99615 ",
Soldotna Chamber of Commerce ,U.S. Chamber Member,www.soldotnachamber.com,(907)262-9814, 44790 Sterling Hwy," Soldotna, AK 99669 ",
Bristol Bay Borough Chamber of Commerce ,,www.bristolbaychamberofcommerce.org,(907)246-2222," 647 Air Force Rd, Suite 237 "," King Salmon, AK 99613 ",
Greater Palmer Chamber of Commerce ,,www.palmerchamber.org,(907)745-2880, PO Box 45," Palmer, AK 99645 ",
Homer Chamber of Commerce ,,www.homeralaska.org,(907)235-7740, 201 Sterling Hwy," Homer, AK 99603 ",
Petersburg Chamber of Commerce ,,www.petersburg.org/,(907)772-3646, 19 Fram Street," Petersburg, AK 99833 ",
Seward Chamber of Commerce ,,www.seward.net/chamber,(907)224-8051, Po Box 749," Seward, AK 99664 ",
Anchor Point Chamber of Commerce ,,www.anchorpointalaska.info,(907)235-2600, PO Box 610," Anchor Point, AK 99556 ",
Bethel Chamber of Commerce ,,,(907)543-2911, PO Box 329," Bethel, AK 99559 ",
Big Lake Chamber ofCommerce ,,www.biglake-ak.com,(907)892-6109, PO Box 520067," Big Lake, AK 99652 ",
Cooper Landing Chamber of Commerce ,,www.cooperlandingchamber.com,(907)595-8888, PO Box 809," Cooper Landing, AK 99572 ",
Delta Chamber of Commerce & Visitor Center ,,www.deltachamber.org,(907)895-5068, PO Box 987," Delta Junction, AK 99737 ",
Dillingham Chamber of Commerce ,,www.dillinghamchamberofcommerce.com,(907)842-5115, PO Box 348," Dillingham, AK 99576 ",
Funny River Chamber of Commerce ,,,, 35850 Pioneer Access Road," Soldotna, AK 99669 ",
Greater Copper Valley Chamber of Commerce ,,www.traveltoalaska.com,(907)822-5555, PO Box 469," Glennallen, AK 99588 ",
Greater Whittier Chamber of Commerce ,,,(907)472-2414, PO Box 607," Whittier, AK 99693 ",
Haines Chamber of Commerce ,,www.haineschamber.org,(907)766-2202, PO Box 1449," Haines, AK 99827 ",
Houston Chamber of Commerce ,,www.houstonakchamber.com,(907)232-1387, PO Box 521612," Big Lake, AK 99652 ",
Houston Chamber of Commerce ,,,(907)841-4335, PO Box 940364," Houston, AK 99694 ",
Kennicott-McCarthy Chamber of Commerce ,,,(907)554-4411, PO Box Mxy," Glennallen, AK 99588 ",
Nenana Chamber of Commerce ,,www.mtaonline.net/~nenana,(907)832-5442, PO Box 00070," Nenana, AK 99760 ",
Ninilchik Chamber of Commerce ,,,(907)567-3571, PO Box 39164," Ninilchik, AK 99639 ",
Nome Chamber of Commerce ,,www.nomealaska.org,(907)443-3879, PO Box 250," Nome, AK 99762 ",
North Peninsula Chamber of Commerce ,,,(907)776-3257, PO Box 8053," Nikiski, AK 99635 ",
North Pole Community Chamber of Commerce ,,www.northpolechamber.org,(907)590-3334, PO Box 55071," North Pole, AK 99705 ",
Prince of Wales Chamber of Commerce ,,www.princeofwalescoc.org,(907)826-3870, PO Box 490," Klawock, AK 99925 ",
Seldovia Chamber ofCommerce ,,www.seldovia.com,(907)234-7612, P.O. Drawer F," Seldovia, AK 99663 ",
Skagway Chamber of Commerce ,,www.skagwaychamber.org,(907)983-1898, PO Box 194," Skagway, AK 99840 ",
Stewart-hyder Intl. Chamber of Commerce ,,www.stewart-hyder.com,(250)636-9224, PO Box 149," Hyder, AK 99923 ",
Sunshine Chamber of Commerce ,,www.sunshinecitylimits.com,(907)733-1416, PO Box 793," Willow, AK 99688 ",
Talkeetna Chamber of Commerce ,,www.talkeetna-chamber.com,, PO Box 334," Talkeetna, AK 99676 ",
Tok Chamber of Commerce ,,,(907)883-5887, PO Box 389," Tok, AK 99780 ",
Unalaska/Dutch Harbor Chamber of Commerce ,,www.unalaska.info,(907)581-2612, PO Box 545," Unalaska, AK 99685 ",
Willow Chamber of Commerce ,,www.willowchamber.org,(907)495-5858, PO Box 0183," Willow, AK 99688 ",
Wrangell Chamber ofCommerce ,,www.wrangellchamber.org,(907)874-3901, PO Box 49," Wrangell, AK 99929 ",
