Arkadelphia Regional Econ Dev Alliance & Chamber ,U.S. Chamber Member,www.arkadelphia.org,(870)246-5542," 2401 Pine St, Suite B "," Arkadelphia, AR 71923 ",
Arkansas State Chamber of Commerce ,U.S. Chamber Member,www.arkansasstatechamber.com,(501)372-2222, 410 South Cross St," Little Rock, AR 72201 ",
Batesville Area Chamber of Commerce ,U.S. Chamber Member,www.mybatesville.org,(870)793-2378, 409 Vine St," Batesville, AR 72501 ",
Clarksville Johnson County Chamber of Commerce ,U.S. Chamber Member,www.clarksvillejocochamber.com,(479)754-2340, 101 North Johnson St," Clarksville, AR 72830 ",
Conway Area Chamber of Commerce ,U.S. Chamber Member,www.conwayarkcc.org,(501)327-7788, 900 Oak St," Conway, AR 72032 ",
Corning Area Chamber of Commerce ,U.S. Chamber Member,www.corningar.gov/chamber-of-commerce/,(870)857-3874," PO Box 93, Suite 302 "," Corning, AR 72422 ",
El Dorado-Union County Chamber of Commerce ,U.S. Chamber Member,www.goeldorado.com,(870)863-6113, 111 West Main St," El Dorado, AR 71730 ",
Fayetteville Chamber of Commerce ,U.S. Chamber Member,www.fayettevillear.com,(479)521-1710," 21 West Mountain, Suite 300 "," Fayetteville, AR 72701 ",5 / 5
Fort Smith Regional Chamber of Commerce ,U.S. Chamber Member,www.fortsmithchamber.com,(479)783-3111, 612 Garrison Ave," Fort Smith, AR 72901 ",
Greater Bentonville Area Chamber of Commerce ,U.S. Chamber Member,www.bbvchamber.com,(479)273-2841, PO Box 330," Bentonville, AR 72712 ",
Greater Hot Springs Chamber of Commerce ,U.S. Chamber Member,www.hotspringschamber.com/,(501)321-1700, 659 Ouachita Ave," Hot Springs, AR 71901 ",5 / 5
Harrison Regional Chamber of Commerce ,U.S. Chamber Member,www.harrison-chamber.com,(870)741-2659, 621 East Rush Ave," Harrison, AR 72601 ",
Jonesboro Regional Chamber of Commerce ,U.S. Chamber Member,www.jonesborochamber.com,(870)932-6691, 1709 E Nettleton Ave," Jonesboro, AR 72401 ",
Little Rock Regional Chamber of Commerce ,U.S. Chamber Member,www.littlerockchamber.com,(501)374-2001, 1 Chamber Plaza," Little Rock, AR 72201 ",
Malvern & Hot Spring County Chamber of Commerce ,U.S. Chamber Member,www.malvernchamber.com,(501)332-2721, 213 W 3rd St.," Malvern, AR 72104 ",
Mountain Home Area Chamber of Commerce ,U.S. Chamber Member,www.enjoymountainhome.com,(870)425-5111," 1041 Highland Cir, Ste 59 "," Mountain Home, AR 72653 ",
North Little Rock Chamber of Commerce ,U.S. Chamber Member,www.nlrchamber.org,(501)372-5959, 100 Main St," North Little Rock, AR 72114 ",
Osceola/South Mississippi County Chamber of Comm ,U.S. Chamber Member,www.osceolachamber.net,(870)563-2281, 116 North Maple," Osceola, AR 72370 ",
Paragould Regional Chamber of Commerce ,U.S. Chamber Member,www.paragould.org/,(870)236-7684, PO Box 124," Paragould, AR 72451 ",
Pine Bluff Regional Chamber of Commerce ,U.S. Chamber Member,www.pinebluffchamber.com,(870)535-0110, 510 Main St," Pine Bluff, AR 71601 ",
Rogers-Lowell Area Chamber of Commerce ,U.S. Chamber Member,www.RogersLowell.com,(479)636-1240, 317 West Walnut St," Rogers, AR 72756 ",5 / 5
Russellville Area Chamber of Commerce ,U.S. Chamber Member,www.russellvillechamber.org,(479)968-2530, 708 West Main St," Russellville, AR 72801 ",4 / 5
Searcy Chamber of Commerce ,U.S. Chamber Member,www.searcychamber.com,(501)268-2458, 2323 South Main St," Searcy, AR 72143 ",4 / 5
Siloam Springs Chamber of Commerce ,U.S. Chamber Member,www.siloamchamber.com,(479)524-6466, 101 N Mount Olive St," Siloam Springs, AR 72761 ",
Springdale Chamber of Commerce ,U.S. Chamber Member,www.springdale.com,(479)872-2222, PO Box 166," Springdale, AR 72765 ",5 / 5
Stuttgart Chamber of Commerce ,U.S. Chamber Member,www.stuttgartarkansas.com,(870)673-1602, PO Box 1500," Stuttgart, AR 72160 ",
Benton Chamber of Commerce ,,www.bentonchamber.com,(501)860-7004, 607 North Market St," Benton, AR 72015 ",
Bradley County Chamber of Commerce ,,www.bradleychamber.com/,(870)226-5225, 104 North Myrtle St," Warren, AR 71671 ",
Buffalo River Chamber of Commerce ,,buffaloriverchamber.com,(888)788-6456, 170 Ranger Rd," Saint Joe, AR 72675 ",
Cross County Chamber of Commerce ,,www.crosscountychamber.com,(870)238-2601, PO Box 234," Wynne, AR 72396 ",
Fordyce Chamber of Commerce ,,www.fordycearkansas.com,(870)352-3520, PO Box 588," Fordyce, AR 71742 ",
Greater Blytheville Area Chamber of Commerce ,,www.greaterblytheville.com,(870)762-2012, PO Box 485," Blytheville, AR 72316 ",
Greater Eureka Springs Chamber of Commerce ,,www.eurekaspringschamber.com,(479)253-8737," 44 Kingshighway, #2"," Eureka Springs, AR 72632 ",
Heber Springs Area Chamber of Commerce ,,www.heber-springs.com,(501)362-2444, 1001 West Main St," Heber Springs, AR 72543 ",
Hot Springs Village Area Chamber of Commerce ,,www.hotspringsvillagechamber.com,(501)915-9940," 121 Cordoba Center Dr, Suite 300 "," Hot Springs National Park, AR 71909 ",
Jacksonville Chamber of Commerce ,,www.jacksonville-arkansas.com,(501)982-1511, 200 Dupree Dr," Jacksonville, AR 72076 ",
Little River Chamber of Commerce ,,www.littlerivercounty.org,(870)898-2758, 180 E Whitaker St," Ashdown, AR 71822 ",
Magnolia-Columbia County Chamber of Commerce ,,www.magnoliachamber.com,(870)234-4352, PO Box 866," Magnolia, AR 71754 ",
Marion Chamber of Commerce ,,www.marionarkansas.org,(870)739-6041, PO Box 652," Marion, AR 72364 ",
Maumelle Area Chamber of Commerce ,,www.maumellechamber.com/,(501)851-9700, PO Box 13099," Maumelle, AR 72113 ",
Morrilton Area Chamber of Commerce ,,,(501)354-2393, 115 East Broadway Street," Morrilton, AR 72110 ",
Newport Area Chamber of Commerce ,,www.newportarchamber.org,(870)523-3618, 201 Hazel St," Newport, AR 72112 ",
Randolph County Chamber of Commerce ,,www.randolphchamber.com,(870)892-3956, PO Box 466," Pocahontas, AR 72455 ",
West Memphis Area Chamber of Commerce ,,www.wmcoc.com,(870)735-1134, 108 West Broadway," West Memphis, AR 72303 ",
Alma Area Chamber of Commerce ,,,(479)632-4127," 111 Hwy. 162 S, P.O. Box 2607 "," Alma, AR 72921 ",
Altus Chamber of Commerce ,,www.altuschamber.com/,(479)468-4684, PO Box 404," Altus, AR 72821 ",
Arkansas City Chamber of Commerce ,,www.arkansascityusa.com,(870)877-2491, PO Box 367," Arkansas City, AR 71630 ",
Bald Knob Area Chamber of Commerce ,,www.baldknobchamber.com,(501)724-3140, PO Box 338," Bald Knob, AR 72010 ",
Beebe Chamber of Commerce ,,www.beebechamberofcommerce.com,(501)882-3013, PO Box 724," Beebe, AR 72012 ",
Berryville Chamber of Commerce ,,www.berryvillechamber.com,(870)423-3704, PO Box 402," Berryville, AR 72616 ",
Bradley Chamber of Commerce ,,,(870)894-3554, PO Box 662," Bradley, AR 71826 ",
Brinkley Chamber ofCommerce ,,,(870)734-2262, 217 W Cypress," Brinkley, AR 72021 ",
Bryant Chamber of Commerce ,,www.bryant-ar.com,(501)847-4702, P.O Box 261," Bryant, AR 72089 ",
Bull Shoals Lake-White River Chamber ofCommerce ,,www.bullshoals.org,(870)445-4443, PO Box 354," Bull Shoals, AR 72619 ",
Cabot Chamber of Commerce ,,www.cabotcc.org,(501)843-2136, PO Box 631," Cabot, AR 72023 ",
Calico Rock Area Chamber of Commer ,,www.calicorock.us,(870)297-4129, 131 Main St," Calico Rock, AR 72519 ",
Calico Rock/Pineville Trade Area CoC ,,,(870)297-8868," 102 Main St., P.O. Box 245 "," Calico Rock, AR 72519 ",
Camden Area Chamberof Commerce ,,explorecamden.com,(870)836-6426, 314 S Adams Ave," Camden, AR 71711 ",
Cave City Chamber of Commerce ,,www.cavecityarkansas.info,(870)283-7040, PO Box 493," Cave City, AR 72521 ",
Charleston Chamber of Commerce ,,www.aboutcharleston.com,(479)965-2201, PO Box 456," Charleston, AR 72933 ",
Clarendon Chamber of Commerce ,,www.clarendon-ar.com,(870)747-5414, PO Box 153," Clarendon, AR 72029 ",
Clinton Chamber of Commerce ,,www.clintonchamber.com,(501)745-6500, 290 Main St," Clinton, AR 72031 ",
Cotter Chamber of Commerce ,,www.cotterarkansas.com,(870)321-1243, PO Box 489," Cotter, AR 72626 ",
Crossett Area Chamber of Commerce ,,www.crossettchamber.org,(870)364-6591, 101 W First Ave.," Crossett, AR 71635 ",
Danville Area Chamber of Commerce ,,www.danark.com,(479)495-3419, PO Box 1140," Danville, AR 72833 ",
Decatur Chamber of Commerce ,,www.decaturar.com,(479)752-3248, 18032 Bethlehem Road," Decatur, AR 72722 ",
Delight Area Chamber of Commerce ,,,(870)379-2293, PO Box 147," Delight, AR 71940 ",
DeQueen/Sevier County Chamber of Commerce ,,www.dequeenchamberofcommerce.net,(870)584-3225," 315 W Stillwell, P.O. Box 67 "," De Queen, AR 71832 ",
Dermott Area Chamber of Commerce ,,www.dermottchamber.com,(870)538-5656, PO Box 147," Dermott, AR 71638 ",
DeWitt Chamber of Commerce ,,www.dewittareacc.org,(870)946-4520, PO Box 365," De Witt, AR 72042 ",
Diamond City Chamber of Commerce ,,www.bullshoalslake.com/chamber,(870)422-7575, PO Box 1161," Diamond City, AR 72630 ",
Dierks Chamber of Commerce ,,,(870)286-2928, PO Box 292," Dierks, AR 71833 ",
Dover Chamber of Commerce ,,,(479)331-3270, P.O. Box 731," Dover, AR 72837 ",
Dumas Chamber of Commerce ,,,(870)382-5447," 165 S Main St., P.O. Box 431 "," Dumas, AR 71639 ",
Earle Chamber of Commerce ,,,(870)792-8684, PO Box 652," Earle, AR 72331 ",
Eudora Chamber of Commerce ,,,(870)355-8443, PO Box 325," Eudora, AR 71640 ",
Fairfield Bay Area Chamber of Commerce ,,www.ffbchamber.org,(501)884-3324, 383 Dave Creek Pkwy.," Fairfield Bay, AR 72088 ",
Farmington Chamber of Commerce ,,www.cityoffarmington.com,(479)267-2368, PO Box 1152," Farmington, AR 72730 ",
Flippin Chamber of Commerce ,,,(870)405-4534, PO Box 118," Flippin, AR 72634 ",
Gentry Chamber Of Commerce ,,www.gentrychamber.com,(479)736-2358, PO Box 642," Gentry, AR 72734 ",
Gentry Main Street/Chamber of Commerce ,,,(479)736-2555, PO Box 642," Gentry, AR 72734 ",
Glenwood Reg. Chamber of Commerce ,,www.glenwood-ar.com,(870)356-5266," PO Box 2006, 73 Hwy 70 E "," Glenwood, AR 71943 ",
Grant County Chamber of Commerce ,,www.grantcountychamber.com,(870)942-3021, 202 N Oak St," Sheridan, AR 72150 ",
Greater Gravette Chamber of Commerce ,,www.gravettearkansas.com,(479)790-7296, PO Box 112," Gravette, AR 72736 ",
Greater Searcy County Chamber of Commerce ,,www.searcycountyarkansas.org,(870)448-2557, PO Box 1385," Marshall, AR 72650 ",
Green Forest Chamber of Commerce ,,,, PO Box 227," Green Forest, AR 72638 ",
Greenbrier Chamber of Commerce ,,,(501)679-4009, PO Box 418," Greenbrier, AR 72058 ",
Greenwood Chamber of Commerce ,,www.greenwoodarkansas.com,(479)996-6357, PO Box 511," Greenwood, AR 72936 ",
Greers Ferry Area Chamber of Commerce ,,www.greersferry.com,(501)825-7188," 8101 Edgemont Rd, Suite 4 "," Greers Ferry, AR 72067 ",
Gurdon Chamber of Commerce ,,,(870)353-2661, 207 East Main St," Gurdon, AR 71743 ",
Hamburg Area Chamber of Commerce ,,www.hamburgareachamber.org,(870)853-8345, 200 E Lincoln St," Hamburg, AR 71646 ",
Harrisburg Area Chamber of Commerce ,,www.harrisburgchamber.com,(870)578-4104, 200 East Jackson St," Harrisburg, AR 72432 ",
Hazen Chamber of Commerce ,,,(870)255-3144, PO Box 907," Hazen, AR 72064 ",
Hope-hempstead County Chamber of Commerce ,,www.hopemelonfest.com,(870)777-3640, 101 W 2nd St," Hope, AR 71801 ",
Horseshoe Bend AreaChamber of Commerce ,,www.horseshoebendar.com,(870)670-5433, PO Box 4083," Horseshoe Bend, AR 72512 ",
Huntsville Chamber of Commerce ,,www.huntsvillear.com,(479)738-6000," PO Box 950, On The Square "," Huntsville, AR 72740 ",
Jasper/Newton County Chamber of Commerce ,,www.theozarkmountains.com,(870)446-2455, PO Box 250," Jasper, AR 72641 ",
Lake Village Chamber of Commerce ,,www.lakevillagechamberofcommerce.org,, 111 Main St," Lake Village, AR 71653 ",
Lawrence County Chamber of Commerce ,,www.lawcochamber.org,(870)886-3232, PO Box 842," Walnut Ridge, AR 72476 ",
Lewisville Chamber of Commerce ,,,(870)921-5285," City Hall, P.O. Box 506 "," Lewisville, AR 71845 ",
Lonoke Area Chamberof Commerce ,,,(501)676-4399," 102 NW Front St., P.O. Box 294 "," Lonoke, AR 72086 ",
Mammoth Spring Chamber of Commerce ,,www.mammothspringar.com,(870)625-3518, PO Box 185," Mammoth Spring, AR 72554 ",
Mansfield-huntington Area Chamber of Commerce ,,www.mansfieldarkansas.com,(479)928-5552, PO Box 393," Mansfield, AR 72944 ",
Marianna Regional Chamber of Commerce ,,www.mariannaarkansas.org,, 67 W Main St," Marianna, AR 72360 ",
Marked Tree Chamber of Commerce ,,www.markedtreechamber.org,(870)358-3216, 1 Elm St," Marked Tree, AR 72365 ",
McGehee Chamber of Commerce ,,www.mcgeheechamber.com,(870)222-4451," 901 Holly, P.O. Box 521 "," McGehee, AR 71654 ",
Mena/Polk County Chamber of Commerce ,,secretary@menapolkchamber.com,(479)394-2912, 524 Sherwood Ave.," Mena, AR 71953 ",
Monticello/Drew County Chamber of Commerce ,,www.montdrewchamber.com,(870)367-6741, 335 E Gaines," Monticello, AR 71655 ",
Mount Ida Area Chamber of Commerce ,,www.mtidachamber.com,(870)867-2723," 201 Hwy. 270 W, P.O. Box 6 "," Mount Ida, AR 71957 ",
Mountain View Area Chamber of Commerce ,,www.mountainviewcc.org,(870)269-8068," 107 N Peabody St., P.O. Box 133 "," Mountain View, AR 72560 ",
Murfreesboro Chamber of Commerce ,,,(870)285-3131, PO Box 166," Murfreesboro, AR 71958 ",
Nashville Chamber of Commerce ,,,(870)845-1262," 107 S Main St., P.O. Box 1506 "," Nashville, AR 71852 ",
Newark Area Chamberof Commerce ,,,(870)799-8888," 115 1/2 Front St., P.O. Box 222 "," Newark, AR 72562 ",
Ozark Area Chamber of Commerce ,,ozarkchamberofcommerce.com,(479)667-2949, 300 West Commercial St," Ozark, AR 72949 ",
Paris Area Chamber of Commerce ,,www.parisarkansas.com,(479)963-2244, 301 W Walnut," Paris, AR 72855 ",
Phillips County Chamber of Commerce ,,www.phillipscountychamber.org,(870)338-8327, 111 Hickory Hills Dr," Helena, AR 72342 ",
Prescott-Nevada County Chamber of Commerce ,,,(870)887-2101," 125 East Main St, P.O. Box 307 "," Prescott, AR 71857 ",
Rector Chamber of Commerce ,,,(870)595-3591, 324 S Main St," Rector, AR 72461 ",
Salem Chamber of Commerce ,,,(870)895-5565, PO Box 649," Salem, AR 72576 ",
Smackover Chamber of Commerce ,,,(870)725-3521," 710 Pershing Hwy, P.O. Box 275 "," Smackover, AR 71762 ",
South Logan County Chamber of Commerce ,,www.southlogan.com,(479)675-2666, 210 E Main St," Booneville, AR 72927 ",
Spring River Area Chamber of Commerce ,,www.sracc.com,(870)856-3210, 2423 F Highway 62/412," Hardy, AR 72542 ",
Stamps Chamber of Commerce ,,,(870)533-4408, PO Box 274," Stamps, AR 71860 ",
Star City Area Chamber of Commerce ,,,(870)628-3100," 200 South Jefferson St, P.O. Bos 88 "," Star City, AR 71667 ",
Stephens Chamber ofCommerce ,,,(870)786-5221," 105 N First St., P.O. Box 572 "," Stephens, AR 71764 ",
Sulphur Springs Comm. Chamber of Commerce ,,,(479)298-3354," 112 N Hibler, P.O. Box 115 "," Sulphur Springs, AR 72768 ",
Trumann Area Chamber of Commerce ,,,(870)483-5424," 225 Hwy. 463, P.O. Box 215 "," Trumann, AR 72472 ",
Waldron Area Chamber of Commerce ,,www.waldronchamberofcommerce.com,(479)637-2775, PO Box 1985," Waldron, AR 72958 ",
Walnut Ridge/Lawrence County Chamber ofCommerce ,,www.wracc.org,(870)886-3232, 109 SW Front," Walnut Ridge, AR 72476 ",
Ward Chamber of Commerce ,,,(501)843-6533, PO Box 106," Ward, AR 72176 ",
Watson Chamber of Commerce ,,,(870)644-3131, PO Box 16," Watson, AR 71674 ",
Weiner Area Chamberof Commerce ,,,(870)684-2221, PO Box 361," Weiner, AR 72479 ",
White Hall Chamber of Commerce ,,,(870)247-5502, 102 Anderson Ave.," White Hall, AR 71602 ",
Yellville Chamber of Commerce ,,www.yellville.com,," 352 Hwy. 62 E, P.O. Box 369 "," Yellville, AR 72687 ",
