Chamber of Commerce Hawaii ,U.S. Chamber Member,www.cochawaii.com,(808)545-4300," 733 Bishop St, Makai Tower Suite 1200 "," Honolulu, HI 96813 ",
Hawai'i Island Chamber of Commerce ,,www.hicc.biz,(808)935-7178," 117 Keawe St, Suite 205 "," Hilo, HI 96720 ",
Ka'u Chamber of Commerce ,,www.kauchamber.org,(808)936-5288, PO Box 6710," Ocean View, HI 96737 ",
Kauai Chamber of Commerce ,,www.kauaichamber.org,(808)245-7363, PO Box 1969," Lihue, HI 96766 ",
Kona-Kohala Chamber of Commerce ,,www.kona-kohala.com,(808)329-1758," 75-5737 Kuakini Hwy, Suite 208 "," Kailua Kona, HI 96740 ",
Maui Chamber of Commerce ,,www.mauichamber.com/,(808)871-7711," 95 Mahalani St, Suite 22A "," Wailuku, HI 96793 ",
Chinese Chamber of Commerce Of Hawaii ,,www.chinesechamber.com,(808)533-3181, 8 South King St," Honolulu, HI 96813 ",
Filipino Chamber of Commerce of Hawaii ,,,(808)843-0322, 905 Umi St.," Honolulu, HI 96819 ",
Kailua Chamber of Commerce ,,www.kailuachamber.com,(808)261-2727, PO Box 1496," Kailua, HI 96734 ",
Molokai Chamber ofCommerce ,,www.visitmolokai.com/coc,(808)646-0928," 75-5737 Kuakini Hwy, #208"," Kailua Kona, HI 96740 ",
Native Hawaiian Chamber of Commerce ,,www.nativehawaiian.cc,(808)531-3744, PO Box 597," Honolulu, HI 96809 ",
North Shore Chamber of Commerce ,,www.gonorthshore.org,, 66-434 Kamehameha Hwy," Haleiwa, HI 96712 ",
