Aurora Regional Chamber of Commerce ,U.S. Chamber Member,www.aurorachamber.com,(630)256-3181, 43 West Galena Blvd," Aurora, IL 60506 ",5 / 5
Bolingbrook Area Chamber of Commerce ,U.S. Chamber Member,www.bolingbrookchamber.org,(630)226-8420, 201-B Canterbury Ln," Bolingbrook, IL 60440 ",
Carol Stream Chamber of Commerce ,U.S. Chamber Member,www.carolstreamchamber.com,(630)665-3325, 150 S Gary Ave.," Carol Stream, IL 60188 ",
Cary Grove Area Chamber of Commerce ,U.S. Chamber Member,www.carygrovechamber.com,(847)639-2800, 445 Park Ave," Cary, IL 60013 ",
Champaign County Chamber of Commerce ,U.S. Chamber Member,www.ccchamber.org,(217)359-1791, 303 W Kirby Ave," Champaign, IL 61820 ",
Chicago Southland Chamber of Commerce ,U.S. Chamber Member,www.chicagosouthlandchamber.com,(708)957-6950, 18230 Orland Pkwy," Orland Park, IL 60467 ",
Des Plaines Chamber of Commerce & Industry ,U.S. Chamber Member,www.dpchamber.com,(847)824-4200, 1401 Oakton St," Des Plaines, IL 60018 ",
"Dixon Chamber of Commerce and Main Street, Inc. ",U.S. Chamber Member,www.dixonillinoischamber.com,(815)284-3361, 87 S Hennepin Ave," Dixon, IL 61021 ",
Edwardsville/Glen Carbon Chamber of Commerce ,U.S. Chamber Member,www.edglenchamber.com/,(618)656-7600, 1 N Research Dr," Edwardsville, IL 62025 ",5 / 5
Effingham County Chamber of Commerce ,U.S. Chamber Member,www.effinghamcountychamber.com,(217)342-4147, PO Box 643," Effingham, IL 62401 ",
Elgin Area Chamber of Commerce ,U.S. Chamber Member,www.elginchamber.com,(847)741-5660, 31 South Grove Ave," Elgin, IL 60120 ",
Elmhurst Chamber of Commerce and Industry ,U.S. Chamber Member,www.elmhurstchamber.org,(630)834-6060," 300A West Lake St, Suite 201 "," Elmhurst, IL 60126 ",
Frankfort Chamber of Commerce ,U.S. Chamber Member,www.frankfortchamber.com,(815)469-3356, 123 Kansas St," Frankfort, IL 60423 ",
Geneva Area Chamber of Commerce ,U.S. Chamber Member,www.genevachamber.com,(630)232-6060, PO Box 481," Geneva, IL 60134 ",
GOA Regional Business Association ,U.S. Chamber Member,www.greater-ohare.com,(630)773-2944, PO Box 1516," Elk Grove Village, IL 60009 ",
Greater Belleville Chamber of Commerce ,U.S. Chamber Member,www.bellevillechamber.org,(618)233-2015, 216 East A St," Belleville, IL 62220 ",
Greater Decatur Chamber of Commerce ,U.S. Chamber Member,www.decaturchamber.com,(217)422-2200," 101 South Main St, Suite 102 "," Decatur, IL 62523 ",4 / 5
Greater Freeport Partnership ,U.S. Chamber Member,www.freeportilchamber.com,(815)233-1350, 27 West Stephenson St," Freeport, IL 61032 ",
Greater Oak Brook Chamber of Commerce ,U.S. Chamber Member,www.obchamber.com,(630)472-9377," 619 Enterprise Dr, Suite 100 "," Oak Brook, IL 60523 ",
Greater Ravenswood Chamber Of Commerce ,U.S. Chamber Member,ravenswoodchicago.org,(773)975-2088," 1770 W Berteau, Ste 207"," Chicago, IL 60613 ",
Greater Springfield Chamber of Commerce ,U.S. Chamber Member,www.gscc.org,(217)525-1173, 1011 South 2nd St," Springfield, IL 62704 ",5 / 5
Grundy County Chamber of Commerce & Industry ,U.S. Chamber Member,www.grundychamber.com,(815)942-0113, 909 Liberty St," Morris, IL 60450 ",
Hoffman Estates Chamber of Commerce and Industry ,U.S. Chamber Member,www.hechamber.com,(847)781-9100," 2200 West Higgins Rd, Suite 201 "," Hoffman Estates, IL 60169 ",
Illinois Chamber of Commerce ,U.S. Chamber Member,www.ilchamber.org,(217)522-5512, 215 East Adams St," Springfield, IL 62701 ",
Illinois Valley Area Chamber of Commerce ,U.S. Chamber Member,www.ivaced.org,(815)223-0227, 1320 Peoria St," Peru, IL 61354 ",
Jacksonville Area Chamber of Commerce ,U.S. Chamber Member,www.jacksonvilleareachamber.org/,(217)245-2174, 155 West Morton," Jacksonville, IL 62650 ",
Jefferson County Chamber of Commerce ,U.S. Chamber Member,www.southernillinois.com/,(618)242-5725, 200 Potomac Blvd," Mount Vernon, IL 62864 ",
Joliet Region Chamber of Commerce & Industry ,U.S. Chamber Member,www.jolietchamber.com,(815)727-5371," 63 North Chicago St, City Center "," Joliet, IL 60434 ",
Lake Zurich Area Chamber of Commerce ,U.S. Chamber Member,lakezurichareachamber.com,(847)438-5572," 444 South Rand Rd, Suite 308 "," Lake Zurich, IL 60047 ",
Lincoln Park Chamber of Commerce ,U.S. Chamber Member,www.lincolnparkchamber.com/,(773)880-5200," 1925 North Clybourn Ave, Suite 301 "," Chicago, IL 60614 ",
Lincoln Square Ravenswood Chamber of Commerce ,U.S. Chamber Member,www.lincolnsquare.org,(773)728-3890," 2611 West Lawrence Ave, Ste 1 "," Chicago, IL 60625 ",
Lombard Area Chamber of Commerce and Industry ,U.S. Chamber Member,www.lombardchamber.com,(630)627-5040, 10 Lilac Ln," Lombard, IL 60148 ",
Macomb Area Chamber of Commerce ,U.S. Chamber Member,www.macombareachamber.com,(309)837-4855, 214 North Lafayette St," Macomb, IL 61455 ",
Marion Chamber of Commerce ,U.S. Chamber Member,www.marionillinois.com,(618)997-6311, 2305 W Main St," Marion, IL 62959 ",
Mascoutah Chamber of Commerce ,U.S. Chamber Member,www.mascoutahchamber.com,(618)566-7355," 200 East Main St, Suite 101 "," Mascoutah, IL 62258 ",
McLean County Chamber of Commerce ,U.S. Chamber Member,www.mcleancochamber.org/,(309)829-6344, 2203 E Empire St," Bloomington, IL 61704 ",5 / 5
Morton Chamber of Commerce ,U.S. Chamber Member,www.mortonchamber.org,(309)263-2491, 415 West Jefferson St," Morton, IL 61550 ",
Niles Chamber of Commerce & Industry ,U.S. Chamber Member,www.nileschamber.org,(847)268-8180, 8060 West Oakton St," Niles, IL 60714 ",
O'Fallon-Shiloh Chamber of Commerce ,U.S. Chamber Member,,(618)632-3377, PO Box 371," O'Fallon, IL 62269 ",
Orland Park Area Chamber of Commerce ,U.S. Chamber Member,www.orlandparkchamber.org,(708)349-2972, 8799 West 151st St," Orland Park, IL 60462 ",
Oswego Chamber of Commerce ,U.S. Chamber Member,www.oswegochamber.org/,(630)554-3505, Charlevoix A West Van Buren St," Oswego, IL 60543 ",
Ottawa Area Chamber of Commerce & Industry ,U.S. Chamber Member,ottawa.il.us,(815)433-0084," 633 LaSalle St, Suite 401 "," Ottawa, IL 61350 ",
Pekin Area Chamber of Commerce ,U.S. Chamber Member,www.pekinchamber.com,(309)346-2106, 402 Court St," Pekin, IL 61554 ",
Pontiac Area Chamber of Commerce ,U.S. Chamber Member,www.pontiacchamber.org/,(815)844-5131, 210 N Plum St.," Pontiac, IL 61764 ",
Quincy Area Chamber of Commerce ,U.S. Chamber Member,www.quincychamber.org,(217)222-7980," 300 Civic Center Plaza, Suite 245 "," Quincy, IL 62301 ",
Rock Falls Chamber of Commerce ,U.S. Chamber Member,www.rockfallschamber.com/,(815)625-4500, 601 West 10th St," Rock Falls, IL 61071 ",
Rockford Chamber of Commerce ,U.S. Chamber Member,www.rockfordchamber.com,(815)987-8100," 308 West State St, Suite 190 "," Rockford, IL 61101 ",
Romeoville Area Chamber of Commerce ,U.S. Chamber Member,www.romeovillechamber.org,(815)886-2076, 10 Montrose Dr," Romeoville, IL 60446 ",
Sandwich Area Chamber of Commerce ,U.S. Chamber Member,,(815)786-9075, 128 E Railroad St," Sandwich, IL 60548 ",
Sauk Valley Area Chamber of Commerce ,U.S. Chamber Member,www.saukvalleyareachamber.com/,(815)625-2400, 211 Locust St," Sterling, IL 61081 ",5 / 5
Sycamore Chamber of Commerce ,U.S. Chamber Member,www.sycamorechamber.com,(815)895-3456," 407 West State St, Suite 10 "," Sycamore, IL 60178 ",
Tinley Park Chamber of Commerce ,U.S. Chamber Member,www.tinleychamber.org,(708)532-5700, 17316 South Oak Park Ave," Tinley Park, IL 60477 ",
West Suburban Chamber of Commerce ,U.S. Chamber Member,www.wscci.org,(708)387-7550, PO Box 187," La Grange, IL 60525 ",
Western DuPage Chamber of Commerce ,U.S. Chamber Member,www.westerndupagechamber.com,(630)231-3003, 306 Main St.," West Chicago, IL 60185 ",
Westmont Chamber of Commerce ,U.S. Chamber Member,www.westmontchamber.com/,(630)960-5553, One South Cass Ave," Westmont, IL 60559 ",
Wheaton Chamber of Commerce ,U.S. Chamber Member,www.wheatonchamber.com,(630)668-6464, 108 East Wesley St," Wheaton, IL 60187 ",
Wood Dale Chamber of Commerce ,U.S. Chamber Member,www.wooddalechamber.com,(630)595-0505, PO Box 353," Wood Dale, IL 60191 ",
Woodstock Chamber of Commerce and Industry ,U.S. Chamber Member,www.woodstockilchamber.com,(815)338-2436, 121 West Calhoun St," Woodstock, IL 60098 ",
Addison Chamber of Commerce & Industry ,,www.addisonchamber.org,(630)543-4300," 777 Army Trail Rd, Suite D "," Addison, IL 60101 ",
Arlington Heights Chamber of Commerce ,,www.arlingtonhtschamber.com,(847)253-1703," 3400 W Stonegate Blvd, #2133"," Arlington Heights, IL 60005 ",
Barrington Area Chamber of Commerce ,,www.barringtonchamber.com,(847)381-2525, 190 East James St," Barrington, IL 60010 ",
Bartlett Chamber of Commerce ,,www.BartlettChamber.com,(630)830-0324, 138 South Oak Ave," Bartlett, IL 60103 ",
Batavia Chamber of Commerce ,,www.bataviachamber.org,(630)879-7134, 106 W Wilson St," Batavia, IL 60510 ",
Belvidere Area Chamber of Commerce ,,www.belviderechamber.com,(815)544-4357," 130 South State St, Suite 300 "," Belvidere, IL 61008 ",
Bloomingdale Chamber of Commerce ,,www.bloomingdalechamber.com/,(630)980-9082, 104 S Bloomingdale Dr," Bloomingdale, IL 60108 ",
Canton Area Chamber of Commerce ,,www.cantonillinois.org,(309)647-2677," 209 E Chestnut St, Ste 2 "," Canton, IL 61520 ",
Carbondale Chamber of Commerce ,,www.carbondalechamber.com/,(618)549-2146, 131 South Illinois Ave," Carbondale, IL 62901 ",
Chamber630 ,,www.chamber630.com,(630)395-9837," 2001 Butterfield Rd, Suite 105 "," Downers Grove, IL 60515 ",
Charleston Area Chamber of Commerce ,,www.charlestonchamber.com,(217)345-7041, 501 Jackson Ave," Charleston, IL 61920 ",
Collinsville Chamber of Commerce ,,www.discovercollinsville.com,(618)344-2884, 221 West Main St," Collinsville, IL 62234 ",
DBR Chamber of Commerce ,,www.dbrchamber.com,(847)945-4660," 601 Deerfield Rd, Suite 200 "," Deerfield, IL 60015 ",
DeKalb Chamber of Commerce ,,www.dekalb.org,(815)756-6306, 164 East Lincoln Hwy," DeKalb, IL 60115 ",
East Peoria Chamber of Commerce ,,www.epcc.org,(309)699-6212, 2200 East Washington St," East Peoria, IL 61611 ",
Evergreen Park Chamber of Commerce ,,www.evergreenparkchamber.org/,(708)423-1118," 9449 S Kedzie Ave, Suite 196 "," Evergreen Park, IL 60805 ",
Flora Chamber of Commerce ,,www.florachamber.com,(618)662-5646, 223 West Railroad St," Flora, IL 62839 ",
Galena Area Chamber of Commerce ,,www.galenachamber.com,(815)777-9050," 412 S Main St, Suite 201 "," Galena, IL 61036 ",
Genoa Area Chamber of Commerce ,,www.genoaareachamber.com,(815)784-2212," 113 N Genoa St, Unit B "," Genoa, IL 60135 ",
Glenview Chamber of Commerce ,,glenviewchamber.com,(847)724-0900, 2222 Chestnut Ave," Glenview, IL 60026 ",
GLMV Chamber of Commerce ,,www.glmvchamber.org,(847)680-0750, 1123 S Milwaukee Ave.," Libertyville, IL 60048 ",
Grayslake Area Chamber of Commerce & Industry ,,www.grayslakechamber.com,(847)223-6888, PO Box 167," Grayslake, IL 60030 ",
Greater Centralia Chamber of Commerce ,,www.centraliail.com/,(618)532-6789, 130 South Locust St," Centralia, IL 62801 ",
Heritage Corridor Business Alliance ,,www.lemontchamber.com,(630)257-5997, 418 Main St," Lemont, IL 60439 ",
Highland Chamber of Commerce ,,www.highlandillinois.com/,(618)654-3721, 1216 Main St," Highland, IL 62249 ",
Huntley Area Chamber of Commerce ,,www.huntleychamber.org,(847)669-0166, PO Box 399," Huntley, IL 60142 ",
Kankakee County Chamber of Commerce ,,www.kankakeecountychamber.com/,(815)351-9068," 200 East Court St, Suite 710 "," Kankakee, IL 60901 ",
Lake County's Lakeshore Chamber of Commerce ,,www.lclakeshore.com,(847)872-5405, 1300 Shiloh Blvd," Zion, IL 60099 ",
Lake Forest/Lake Bluff Chamber of Commerce ,,www.lflbchamber.com,(847)234-4282," 272 East Deerpath Rd, Suite 106 "," Lake Forest, IL 60045 ",
Lakeview Chamber of Commerce ,,www.Lakeviewchamber.com,(773)472-7171, 1409 West Addison St," Chicago, IL 60613 ",
Lakeview East Chamber of Commerce ,,www.lakevieweast.com,(773)348-8608, 3138 North Broadway," Chicago, IL 60657 ",
Lincoln-Logan County Chamber of Commerce ,,www.lincolnillinois.com,(217)735-2385," 110 N Kickapoo St, Ste 2 "," Lincoln, IL 62656 ",
Lindenhurst/Lake Villa Chamber of Commerce ,,www.llvchamber.com,(847)356-8446, 2301 E Sand Lake Rd," Lindenhurst, IL 60046 ",
Lisle Area Chamber of Commerce ,,www.lislechamber.com,(630)964-0052," 1111 Burlington Ave, Suite 102 "," Lisle, IL 60532 ",
Mattoon Chamber of Commerce ,,www.mattoonchamber.com,(217)235-5661, 1518 Broadway Ave," Mattoon, IL 61938 ",
Maywood Chamber of Commerce ,,www.maywoodchamber.com,(708)450-6300, 40 Madison St," Maywood, IL 60153 ",
Monmouth Area Chamber of Commerce ,,www.monmouthilchamber.com,(309)734-3181, 89 Public Sq," Monmouth, IL 61462 ",
Morton Grove Chamber of Commerce and Industry ,,www.mgcci.org,(847)965-0330, 6101 Capulina Ave," Morton Grove, IL 60053 ",
Mount Prospect Chamber of Commerce ,,www.mountprospectchamber.org,(847)398-6616, 46 E Northwest Hwy," Mount Prospect, IL 60056 ",
North Chicago Chamber of Commerce ,,www.northchicagochamber.org,(847)785-1912, PO Box 554," North Chicago, IL 60064 ",
Northcenter Chamber of Commerce ,,www.northcenterchamber.com,(773)525-3609, 4054 N Lincoln Ave," Chicago, IL 60618 ",
Northern Kane County Chamber of Commerce ,,www.nkcchamber.com,(847)426-8565," 20 South Grove Ave, Suite 101 "," Carpentersville, IL 60110 ",
Oak Lawn Chamber of Commerce ,,www.oaklawnchamber.com/,(708)424-8300, 5120 Museum Dr," Oak Lawn, IL 60453 ",
Olney & Greater Richland County Chamber ofCommerce ,,www.olneychamber.com,(618)392-2241, PO Box 575," Olney, IL 62450 ",
Palatine Area Chamber of Commerce ,,www.palatinechamber.com,(847)359-7200," 579 First Bank Dr, Suite 205 "," Palatine, IL 60067 ",
Paris Area Chamber of Commerce & Tourism ,,www.parisilchamber.com/,(217)465-4179, 105 North Central Ave," Paris, IL 61944 ",
Park Ridge Chamber of Commerce ,,www.parkridgeilchamber.com,(847)825-3121, 720 Garden St," Park Ridge, IL 60068 ",
Plano Area Chamber of Commerce ,,www.planocommerce.org,(630)552-7272, 7050 Burroughs Ave," Plano, IL 60545 ",
Princeton Area Chamber of Commerce ,,www.princeton-il.com,(815)875-2616, 435 South Main St," Princeton, IL 61356 ",
Rantoul Area Chamber of Commerce ,,www.rantoulchamber.com,(847)398-3730, 120 East Sangamon Ave," Rantoul, IL 61866 ",
Richmond/Spring Grove Chamber of Commerce ,,www.rsgchamber.com,(815)678-7742, 10308 Main St," Richmond, IL 60071 ",
Rochelle Area Chamber of Commerce ,,www.rochellechamber.org/,(815)562-4189," 1221 Currency Ct, Ste A "," Rochelle, IL 61068 ",
Rogers Park Chamber of Commerce ,,www.rogerspark.cc,(773)850-0049, 6902 N Glenwood Ave," Chicago, IL 60626 ",
Rolling Meadows Chamber of Commerce ,,rmchamber.org,(847)398-3730," 3601 Algonquin Rd, Suite 322 "," Rolling Meadows, IL 60008 ",
Roselle Chamber of Commerce and Industry ,,www.rosellechamber.com,(630)894-3010," 1350 West Lake St, Suite A "," Roselle, IL 60172 ",
Skokie Chamber of Commerce ,,www.skokiechamber.org,(847)673-0240, 5002 Oakton St.," Skokie, IL 60077 ",
South Holland Business Association ,,www.shba.org,(708)596-0065, PO Box 334," South Holland, IL 60473 ",
Southwestern Madison County Chamber of Commerce ,,www.chamberswmc.org,(618)876-6400, PO Box 370," Granite City, IL 62040 ",
St. Charles Chamber of Commerce ,,www.stcharleschamber.com,(630)584-8384, 216 Riverside Ave," Saint Charles, IL 60174 ",
Streator Area Chamber of Commerce ,,www.streatorchamber.com,(815)672-2921, PO Box 360," Streator, IL 61364 ",
The Parks Chamber of Commerce ,,www.parkschamber.com,(815)633-3999, 100 Heart Blvd," Loves Park, IL 61111 ",
Vermilion Advantage ,,www.vermilionadvantage.com/,(217)442-6201, 15 N Walnut St," Danville, IL 61832 ",
Villa Park Chamber of Commerce ,,www.villaparkchamber.org,(630)941-9133, 10 West Park Blvd," Villa Park, IL 60181 ",
Watseka Area Chamber of Commerce ,,www.watsekachamber.org,(815)432-2416, 110 South 3rd St," Watseka, IL 60970 ",
Abingdon Chamber of Commerce ,,,(309)462-3836, 207 W Martin St.," Abingdon, IL 61410 ",
Albany Park Chamber of Commerce ,,,(773)478-0202, 4745 N Kedzie Ave.," Chicago, IL 60625 ",
Albion Chamber of Commerce ,,,(618)445-2303, PO Box 82," Albion, IL 62806 ",
Aledo Area Chamber of Commerce ,,,(309)582-5373, PO Box 261," Aledo, IL 61231 ",
Algonquin-Lake in the Hills Chamber of Commerce ,,www.alchamber.com,(847)658-5300, 2200 Harnish Dr.," Algonquin, IL 60102 ",
Alsip CofC & Economic Development Comm ,,,(708)597-2668, 12159 S Pulaski Rd.," Alsip, IL 60803 ",
Altamont Chamber of Commerce ,,www.altamontchamber.com,(618)483-5714, 202 North Second St," Altamont, IL 62411 ",
Amboy Area Chamber of Commerce ,,,(815)857-3814, PO Box 163," Amboy, IL 61310 ",
Antioch Chamber of Commerce & Industry ,,antiochchamber.org,(847)395-2233, 882 Main St.," Antioch, IL 60002 ",
Arcola Chamber of Commerce ,,www.arcolachamber.com,(217)268-4530, PO Box 274," Arcola, IL 61910 ",
Argo-Summit Chamberof Commerce ,,,(708)458-3033, 7447 W 63rd St.," Summit, IL 60501 ",
Arthur Association of Commerce ,,,(217)543-2242, 106 E Progress St.," Arthur, IL 61911 ",
Beardstown Chamber of Commerce ,,,(217)323-3271, 101 W 3rd St," Beardstown, IL 62618 ",
Beecher Chamber of Commerce ,,beecherchamber.org/,(708)946-6803, PO Box 292," Beecher, IL 60401 ",
Bellwood Chamber ofCommerce & Industry ,,,(708)547-5030, PO Box 86," Bellwood, IL 60104 ",
Bensenville Chamberof Commerce ,,,(630)860-3800, PO Box 905," Bensenville, IL 60106 ",
Benton-West City Chamber of Commerce ,,,(618)438-2121, PO Box 574," Benton, IL 62812 ",
Blue Island Area Chamber of Commerce & Industry ,,www.blueislandchamber.org,(708)388-1000, 2434 Vermont St.," Blue Island, IL 60406 ",
Bradley-BourbonnaisChamber of Commerce ,,www.bbchamber.com,(815)932-2222, 1690 Newtowne Dr.," Bourbonnais, IL 60914 ",
Breese Chamber of Commerce ,,,(618)526-7731, PO Box 132," Breese, IL 62230 ",
Bridgeview Chamber of Commerce ,,www.bridgeviewchamber.com,(708)598-1700, 7300 W 87th St," Bridgeview, IL 60455 ",
Bronzeville Chamber of Commerce ,,www.bronzevillechamber.com,(773)268-1800, 4650 S King Dr," Chicago, IL 60653 ",
Brookfield Chamber of Commerce ,,,(708)485-1434, 3724 Grand Blvd.," Brookfield, IL 60513 ",
Bunker Hill Area Chamber of Commerce ,,www.bunkerhill-il.com,(618)585-3890, 200 S Brighton St," Bunker Hill, IL 62014 ",
Burbank Chamber of Commerce ,,,(708)425-4668, 5501 W 79th St.," Burbank, IL 60459 ",
Bushnell Chamber ofCommerce ,,,(309)772-2171, PO Box 111," Bushnell, IL 61422 ",
Byron Area Chamber of Commerce ,,byronillinois.org,(815)234-5500," 106 N Union, P.O. Box 405 "," Byron, IL 61010 ",
Cahokia Area Chamber of Commerce ,,www.cahokiachamber.com,(618)332-4258, 103 Main St," East Saint Louis, IL 62206 ",
Cahokia Area Chamber of Commerce ,,,(618)332-1900, 905 Falling Springs Rd.," Cahokia, IL 62206 ",
Cairo Chamber of Commerce ,,,(618)734-2737, 220 8th St," Cairo, IL 62914 ",
Calumet City Chamber of Commerce ,,www.calumetcitychamber.com,(708)891-5888," 80 River Oaks Center, ARC 6"," Calumet City, IL 60409 ",
Carlinville Community Chamber of Commerce ,,www.carlinvillechamber.com,(217)854-2141, 112 North Side Sq," Carlinville, IL 62626 ",
Carlyle Lake Chamber of Commerce ,,,, PO Box 246," Carlyle, IL 62231 ",
Carmi Chamber of Commerce ,,,(618)382-7606, 225 E Main St.," Carmi, IL 62821 ",
Carrollton Chamber of Commerce ,,,(217)942-3187, PO Box 69," Carrollton, IL 62016 ",
Carterville Chamberof Commerce ,,www.ci.carterville.il.us,(618)985-6942," 101 S Division St., P.O. Box 262 "," Carterville, IL 62918 ",
Carthage Area Chamber of Commerce ,,www.carthage-il.com,(217)357-3024," 8 S Madison St., P.O. Box 247 "," Carthage, IL 62321 ",
Casey Chamber of Commerce ,,www.cityofcaseyil.org,(217)232-3430, PO Box 343," Casey, IL 62420 ",
Chamber by O'Hare ,,www.chamberbyohare.org,(708)865-9510, PO Box 186," Franklin Park, IL 60131 ",
Chatham Area Chamber of Commerce ,,www.chatham-il-chamber.com,(217)483-6450, 320 N Main Plz," Chatham, IL 62629 ",
Chester Chamber of Commerce ,,,(618)826-2721, 10 Bridge By-Pass Rd," Chester, IL 62233 ",
Chicago Ridge-worth Chamber of Commerce ,,www.crwchamber.com,(708)923-2050, 6825 W 111th St," Worth, IL 60482 ",
Chillicothe Chamber of Commerce ,,www.chillicothechamber.com,(309)274-4556, 1028 N 2nd St.," Chillicothe, IL 61523 ",
Christopher Area Chamber of Commerce ,,,(618)724-7648," 208 North Thomas St, PO Box 111 "," Christopher, IL 62822 ",
Cicero Chamber of Commerce & Industry ,,,(708)863-6000, 5801 W Cermak Rd.," Cicero, IL 60804 ",
Clinton Area Chamber of Commerce ,,www.clintonilchamber.com,(217)935-3364," 100 S Center St, Ste 101 "," Clinton, IL 61727 ",
Coal Country Chamber of Commerce ,,www.coalcountrychamber.com,(217)839-4888, 213 S Macoupin St," Gillespie, IL 62033 ",
Cosmopolitan Chamber of Commerce ,,www.cosmococ.org,(312)786-0212," 1455 S Michigan Ave., 240 "," Chicago, IL 60605 ",
Crete Area Chamber of Commerce ,,www.cretechamber.com,(708)672-9216," 1395B Main St, #A1, P.O. Box 263 "," Crete, IL 60417 ",
Darien Chamber of Commerce ,,www.darienchamberofcommerce.com,(630)968-0004," 7702 S Cass Ave., 135 "," Darien, IL 60561 ",
Decatur Black Chamber Of Commerce ,,,(217)428-9678, 2121 South Imboden Ct," Decatur, IL 62521 ",
Dolton Chamber of Commerce ,,www.villageofdolton.com,(708)841-4810, 1515 E 154th St," Dolton, IL 60419 ",
Du Quoin Chamber ofCommerce ,,www.duquoin.org,(618)542-9570," 20 N Chestnut, P.O. Box 57 "," Du Quoin, IL 62832 ",
Dwight Area Chamberof Commerce ,,,(815)584-2091, 119 W Main," Dwight, IL 60420 ",
East Side Chamber of Commerce ,,,(773)721-7948, 3501 East 106th St," Chicago, IL 60617 ",
Edgebrook-SauganashChamber of Commerce ,,escc60646.com/,(773)545-9300, 5421 W Devon Ave.," Chicago, IL 60646 ",
El Paso Illinois Chamber of Commerce ,,,(309)527-4400, PO Box 196," El Paso, IL 61738 ",
Eldorado Chamber ofCommerce ,,,(618)273-3119, PO Box 472," Eldorado, IL 62930 ",
Elizabeth Chamber of Commerce ,,,(815)291-7092, PO Box 371," Elizabeth, IL 61028 ",
Evanston Chamber of Commerce ,,www.evchamber.com/,(847)328-1500," 1609 Sherman Ave, Suite 205 "," Evanston, IL 60201 ",
Fairbury Area Chamber of Commerce ,,www.fairburyil.org/fairbury.htm,(815)692-3899," 101 E Locust, P.O. Box 86 "," Fairbury, IL 61739 ",
Fairview Heights Chamber of Commerce ,,www.fairviewheightschamber.org,(618)397-3127, 10003 Bunkum Rd.," Fairview Heights, IL 62208 ",
Forest Park Chamberof Commerce ,,www.forestparkchamber.org,(708)366-2543," 7344 W Madison, P.O. Box 617 "," Forest Park, IL 60130 ",
Fox Lake Area Chamber of Commerce & Industry ,,www.discoverfoxlake.com,(847)587-7474, 66 Thillen Dr.," Fox Lake, IL 60020 ",
Freeburg Chamber ofCommerce ,,,(618)539-5705, PO Box 179," Freeburg, IL 62243 ",
Fulton Chamber of Commerce ,,www.cityoffulton.net,(574)223-0700, 912 4th St," Fulton, IL 61252 ",
Galva Chamber of Commerce ,,www.galva.com,(309)932-2131, PO Box 112," Galva, IL 61434 ",
Geneseo Chamber of Commerce ,,www.geneseo.org,(309)944-2686, 100 W Main," Geneseo, IL 61254 ",
Gibson Area Chamberof Commerce ,,,(217)784-5217," 126 N Sangamon Ave., P.O. Box 294 "," Gibson City, IL 60936 ",
Gilman Chamber of Commerce ,,,(815)265-4818, PO Box 13," Gilman, IL 60938 ",
Girard Chamber of Commerce ,,,, PO Box 92," Girard, IL 62640 ",
Glen Ellyn Chamber of Commerce ,,www.glenellynchamber.com,(630)469-0907, 810 North Main St," Glen Ellyn, IL 60137 ",
Glencoe Chamber of Commerce ,,www.glencoechamber.org,(847)835-3333, PO Box 575," Glencoe, IL 60022 ",
Glendale Heights Chamber of Commerce ,,www.glendaleheightschamber.com,(630)545-1099, PO Box 5054," Glendale Heights, IL 60139 ",
Greater Channahon-Minooka Area Chamber of Commerce ,,www.cmchamber.org,(815)521-9999, 909 Liberty St," Morris, IL 60450 ",
Greater Harvard Area Chamber of Commerce ,,www.harvcc.net,(815)943-4404," 40 N Aver St, Ste 1 "," Harvard, IL 60033 ",
Greater Lincolnshire Chamber of Commerce ,,www.lincolnshirechamber.com,(847)793-2409, 175 Olde Half-Day Rd.," Lincolnshire, IL 60069 ",
Greater Montgomery Area Chamber of Commerce ,,www.chamberofmontgomeryil.org,(630)897-8137, 200 N River St," Montgomery, IL 60538 ",
Greater Salem Chamber of Commerce ,,www.salemilchamber.com,(618)548-3010, 615 W Main St.," Salem, IL 62881 ",
Greater Taylorville Chamber of Commerce ,,www.taylorvillechamber.com/,(217)824-4919," 108 West Market St, 2nd Floor "," Taylorville, IL 62568 ",
Greenville Chamber of Commerce ,,www.GreenvilleUSA.org,(618)664-9272, PO Box 283," Greenville, IL 62246 ",4 / 5
Hamilton County Chamber of Commerce ,,,(618)643-3531, PO Box 456," McLeansboro, IL 62859 ",
Hampshire Area Chamber of Commerce ,,,(847)683-1122," 153 S State St, P.O. Box 157 "," Hampshire, IL 60140 ",
Hanover Park Chamber of Commerce & Ind. ,,www.hanoverparkchamber.com,(630)372-2009, 1945 Ontarioville Road," Hanover Park, IL 60133 ",
Havana Area Chamber of Commerce ,,,(309)543-6580, 227 West Main St," Havana, IL 62644 ",
Henry Area Chamber of Commerce ,,,(309)364-3261, 514 Front St," Henry, IL 61537 ",
Herrin Chamber of Commerce ,,www.herrinillinois.com,(618)942-5163, 3 S Park Ave.," Herrin, IL 62948 ",
Herscher Chamber ofCommerce ,,,(815)426-2231, PO Box 437," Herscher, IL 60941 ",
Hickory Hills Chamber of Commerce ,,,(708)598-4800, 8652 W 95th St.," Hickory Hills, IL 60457 ",
Highland Park Chamber of Commerce ,,www.chamberhp.com,(847)432-0284," 508 Central Ave., 206 "," Highland Park, IL 60035 ",
Highwood Chamber ofCommerce ,,,(847)433-2100," 445 Sheridan Rd, P.O. Box 305 "," Highwood, IL 60040 ",
Hills Chamber of Commerce ,,www.thehillschamber.com,(708)364-7739, PO Box 1164," Bridgeview, IL 60455 ",
Hillsboro Area Chamber of Commerce ,,www.hillsborochamber.net,(217)532-3711, 447 S Main St," Hillsboro, IL 62049 ",
Hillside Chamber ofCommerce ,,,(708)449-2449, PO Box 601," Hillside, IL 60162 ",
Hinsdale Chamber of Commerce ,,,(630)323-3952, 22 E First St.," Hinsdale, IL 60521 ",
Homer Twp. Chamber of Commerce ,,www.homerchamber.com,, 15801 S Bell Road," Homer Glen, IL 60491 ",
Homewood Area Chamber of Commerce ,,www.homewoodareachamber.com,(708)206-3384," 1820 Ridge Road, Ste 200 "," Homewood, IL 60430 ",
Hoopeston Chamber of Commerce ,,,(217)283-7873," 210 S Market, 302 "," Hoopeston, IL 60942 ",
Hyde Park Chamber of Commerce ,,www.hydeparkchamberchicago.org,(773)288-0124, 5501 South Everett Ave," Chicago, IL 60637 ",
Ignite Young Professionals Rockford CoC ,,,(815)316-4335," 308 W State, Suite 190 "," Rockford, IL 61101 ",
Illinois Assn. Of Chamber of Commerce Execs. ,,www.iacce.org,(217)522-5512, 215 E Adams St," Springfield, IL 62701 ",
Illinois River Area Chamber of Commerce ,,www.iracc.org,(815)795-2323, 135 Washington St.," Marseilles, IL 61341 ",
Jasper County Chamber of Commerce ,,www.newtonillinois.com,(618)783-3399," 207 1/2 E Jourdan, P.O. Box 21 "," Newton, IL 62448 ",
Jefferson Park Chamber of Commerce ,,www.jeffersonpark.net,(773)736-6697," 5214 West Lawrence Ave, #5"," Chicago, IL 60630 ",
Jersey County Chamber of Commerce ,,www.jerseycounty.org,(618)639-5222, 209 N State St.," Jerseyville, IL 62052 ",
Johnson County Chamber of Commerce ,,,(618)658-2063, 298 E Vine St," Vienna, IL 62995 ",
Kewanee Chamber of Commerce ,,kewanee-il.com,(309)852-2175, 113 E Second," Kewanee, IL 61443 ",
Lansing Chamber of Commerce ,,,(708)474-4170," 18155 Roy St, Suite 3 "," Lansing, IL 60438 ",
Lawrence County Chamber of Commerce ,,lawrencecountyillinois.com/chamber.html,(618)943-3516, 1112 Jefferson St.," Lawrenceville, IL 62439 ",
Lebanon Chamber of Commerce ,,,(618)537-8420, 22 W St. Louis St.," Lebanon, IL 62254 ",
Lewistown Chamber of Commerce ,,,(309)547-4300, 119 S Adams," Lewistown, IL 61542 ",
Limestone Area Chamber of Commerce ,,,(309)697-1031, 117 W Garfield," Bartonville, IL 61607 ",
Lincolnwood Chamberof Commerce ,,,(847)679-5760, 7001 N Lawndale Ave.," Lincolnwood, IL 60712 ",
Lockport Chamber ofCommerce ,,www.lockportchamber.com,(815)838-3357, 132 E 9th St.," Lockport, IL 60441 ",
Lynwood Chamber of Commerce ,,,(708)895-3032, 2345 Glenwood-Dyer Rd," Lynwood, IL 60411 ",
Lyons Chamber of Commerce ,,,(708)447-5565, 4121 Joliet Ave.," Lyons, IL 60534 ",
Mahomet Chamber of Commerce ,,,(217)840-2700," 512 East Main St, P.O. Box 1031 "," Mahomet, IL 61853 ",
Manhattan Chamber of Commerce ,,www.manhattan-il.com,(815)478-3811," 255 S State St., P.O. Box 357 "," Manhattan, IL 60442 ",
Manito Area Chamber of Commerce ,,www.manitoareachamberofcommerce.com/?fbclid=IwAR0HAIbmVTSmqh5fpTTGMeAeN9oeAU8s0Bx9sleBREahCbTxwKCqYOtp_A8,(309)968-7200, PO Box 143," Manito, IL 61546 ",
Manteno Chamber of Commerce ,,,(815)468-6226, 98 East Third St," Manteno, IL 60950 ",
Marengo-Union Chamber of Commerce ,,www.marengo-union.com,(815)568-6680, 116 S State St.," Marengo, IL 60152 ",
Marshall Area Chamber of Commerce ,,www.marshallilchamber.com,(217)826-2034," 708 Archer Ave., P.O. Box 263 "," Marshall, IL 62441 ",
Martinsville Chamber of Commerce ,,,(217)251-5505," 19 W Cumberland St., P.O. Box 429 "," Martinsville, IL 62442 ",
MCC - Center For Commerce & Economic Development ,,,(815)455-8783, 8900 Us Highway 14," Crystal Lake, IL 60012 ",
Melrose Park Chamber of Commerce ,,www.melroseparkchamber.com,(708)338-1007, 900 N 25th Ave," Melrose Park, IL 60160 ",
Mendota Area Chamber of Commerce ,,mendotachamber.com,(815)539-6507," 800 Washington St., P.O. Box 620 "," Mendota, IL 61342 ",
Metropolis Area Chamber of Commerce ,,www.metropolischamber.com,(618)524-2714," 607 Market St., P.O. Box 188 "," Metropolis, IL 62960 ",
Midlothian Area Chamber of Commerce ,,www.midloareachamber.com,(708)389-0020, PO Box 909," Midlothian, IL 60445 ",
Mokena Chamber of Commerce ,,www.mokena.com,(708)479-2468, 19150 Wolf Rd.," Mokena, IL 60448 ",
Momence Chamber of Commerce ,,,(815)472-4620, PO Box 34," Momence, IL 60954 ",
Monee Area Chamber of Commerce ,,,(708)421-1786, PO Box 177," Monee, IL 60449 ",
Mont Clare-Elmwood Park Chamber of Commerce ,,,(708)456-8000, 11 Conti Pkwy.," Elmwood Park, IL 60707 ",
Monticello Chamber of Commerce ,,www.monticelloillinois.net,(217)762-7921, PO Box 313," Monticello, IL 61856 ",
Morrison Chamber of Commerce ,,www.morrisonchamber.com,(815)772-3757, PO Box 8," Morrison, IL 61270 ",
Mount Carroll Chamber of Commerce ,,,, PO Box 94," Mount Carroll, IL 61053 ",
Mount Greenwood Chamber of Commerce ,,www.mgcofc.org,(773)238-6103, 3052 W 111 St.," Chicago, IL 60655 ",
Mount Zion Chamber of Commerce ,,www.mtzionchamber.org,(217)864-2526, PO Box 84," Mount Zion, IL 62549 ",
Murphysboro Chamber of Commerce ,,www.murphysborochamber.com,(618)684-6421," 203 S 13th St., P.O. Box 606 "," Murphysboro, IL 62966 ",
Nashville Chamber of Commerce ,,www.nashville-il.cc,(618)327-3700, 163 E Saint Louis St," Nashville, IL 62263 ",
Nauvoo Chamber of Commerce ,,www.nauvoochamber.com,(217)453-2587, PO Box 41," Nauvoo, IL 62354 ",
New Baden Chamber of Commerce ,,,(618)588-4812, PO Box 22," New Baden, IL 62265 ",
New Lenox Chamber of Commerce ,,www.newlenoxchamber.com,(815)485-4241," 114 Church St., 202 "," New Lenox, IL 60451 ",
North Greene Area Chamber of Commerce ,,,(217)374-6321, PO Box 257," White Hall, IL 62092 ",
Northbrook Chamber of Commerce & Indus ,,www.northbrookchamber.org,(847)498-5555, 2002 Walters Ave.," Northbrook, IL 60062 ",
O'Fallon Chamber of Commerce ,,www.ofallonchamber.com,(618)632-3377, 116 E First St.," O'Fallon, IL 62269 ",
Oak Forest Chamber of Commerce ,,www.oakforestchamber.org,(708)687-4600, 15440 South Central Ave," Oak Forest, IL 60452 ",
Oak Park-River Forest Chamber of Commerce ,,www.oprfchamber.org,(708)771-5760, 7727 Lake St," River Forest, IL 60305 ",
Oakland Chamber of Commerce ,,,(217)346-2229, PO Box 283," Oakland, IL 61943 ",
Okawville Chamber of Commerce ,,,(618)243-5694, PO Box 142," Okawville, IL 62271 ",
Oregon Chamber of Commerce ,,www.oregonil.com,(815)732-2100, 124 1/2 N 4th St.," Oregon, IL 61061 ",
Palestine Chamber of Commerce ,,www.pioneercity.com,(618)586-2222," 103 S Main St., P.O. Box 155 "," Palestine, IL 62451 ",
Palos Heights Chamber of Commerce ,,palosareachamber.org/,(708)480-3025," 7606 W College Dr., P.O. Box 138 "," Palos Heights, IL 60463 ",
Pana Chamber of Commerce ,,www.panaillinois.com,(217)562-4240," City Hall, 120 E. 3rd St. "," Pana, IL 62557 ",
Paxton Area Chamberof Commerce ,,www.paxtonchamber.org/,(217)379-4655," 165 S Market St, P.O.Box 75 "," Paxton, IL 60957 ",
Peoria Heights Chamber of Commerce ,,,(309)686-2388, 4901 N Prospect Rd," Peoria Heights, IL 61616 ",
Peotone Chamber of Commerce ,,www.peotone.com/chamber,(708)258-9450, PO Box 877," Peotone, IL 60468 ",
Petersburg Chamber of Commerce ,,www.petersburgilchamber.com,(217)632-7363, 125 S 7th St," Petersburg, IL 62675 ",
Pike County Chamberof Commerce ,,www.pikeil.org,(217)285-2971," 224 W Washington, P.O. Box 283 "," Pittsfield, IL 62363 ",
Pinckneyville Chamber of Commerce ,,,(618)357-3243," 4 S Walnut St., P.O. Box 183 "," Pinckneyville, IL 62274 ",
Plainfield Area Chamber of Commerce ,,www.plainfieldchamber.com,(815)436-4431, 600 W Lockport St.," Plainfield, IL 60544 ",
Portage Park Chamber of Commerce ,,,(773)777-2020, 5829 W Irving Park Rd," Chicago, IL 60634 ",
Prophetstown-LyndonArea Chamber of Commerce ,,,(815)537-5139, 306 Washington St.," Prophetstown, IL 61277 ",
Red Bud Chamber of Commerce ,,,(618)282-3505, PO Box 66," Red Bud, IL 62278 ",
Riverdale Chamber of Commerce ,,,(708)841-3311, 208 W 144th St.," Riverdale, IL 60827 ",
Riverside Chamber of Commerce ,,,(708)447-3222, PO Box 7," Riverside, IL 60546 ",
Robinson Chamber ofCommerce ,,www.robinsonchamber.org,(618)546-1557," 113 S Ct, P.O. Box 737 "," Robinson, IL 62454 ",
Rockton Chamber of Commerce ,,www.rockton.org,(815)624-7625," 119 Blackhawk Blvd., P.O. Box 237 "," Rockton, IL 61072 ",
Roscoe Chamber of Commerce ,,roscoechamber.com,(815)623-9065, 5310 Williams Dr.," Roscoe, IL 61073 ",
Rosemont Chamber of Commerce ,,www.rosemontchamber.com,(847)698-1190," 9503 West Higgins Rd, Ste 700 "," Des Plaines, IL 60018 ",
Roseville Area Chamber of Commerce ,,,(309)734-4253, PO Box 54," Roseville, IL 61473 ",5 / 5
Round Lake Area Chamber of Commerce & Industry ,,www.rlchamber.org,(847)546-2002, 1777 N Cedar Lake Rd.," Round Lake, IL 60073 ",
Savanna Chamber of Commerce ,,www.savanna-il.com,(815)273-2722, 313 Main St," Savanna, IL 61074 ",
Sesser Area Chamberof Commerce ,,,(618)625-5813, PO Box 537," Sesser, IL 62884 ",
Shelbyville Area Chamber of Commerce ,,www.shelbyvilleilonline.com,(217)774-2221, 143 E Main St," Shelbyville, IL 62565 ",
Southwest Madison County Chamber of Commerce ,,chamberswmc.org/contact.php,(618)876-6400," 3600 Nameoki Rd, #22, PO Box 370 "," Granite City, IL 62040 ",
Sparta Area Chamberof Commerce ,,,(618)317-7222," PO Box 93, 1351B Sparta Centre Drive "," Sparta, IL 62286 ",
Staunton Chamber of Commerce ,,,(618)635-8356, PO Box 248," Staunton, IL 62088 ",
Steeleville Chamberof Commerce ,,,(618)965-9568, PO Box 177," Steeleville, IL 62288 ",
Stockton Chamber ofCommerce ,,,(815)947-3366, PO Box 3," Stockton, IL 61085 ",
Streamwood Chamber of Commerce ,,www.streamwoodchamber.com,(630)837-5200," 820 S Bartlett Rd, Suite 108 "," Streamwood, IL 60107 ",
Sugar Grove Chamber of Commerce & Ind. ,,www.sugargrovechamber.org,(630)466-7895," 330 Division Dr, Ste A "," Sugar Grove, IL 60554 ",
Sullivan Area Chamber of Commerce ,,,(217)728-4223," 7 N Main, P.O. Box 287 "," Sullivan, IL 61951 ",
Trenton Chamber of Commerce ,,www.trenton-ilchamber.com,(618)224-9329, PO Box 37," Trenton, IL 62293 ",
Troy Chamber of Commerce ,,www.troycoc.com,(618)667-8769," 535 Edwardsville Rd., 120b "," Troy, IL 62294 ",
Tuscola Chamber of Commerce ,,www.tuscola.org,(217)253-5013, PO Box 434," Tuscola, IL 61953 ",
Union County Chamber of Commerce ,,,(618)833-6311, 330 S Main St.," Anna, IL 62906 ",
Uptown Chamber of Commerce ,,www.uptownbusinesspartners.com,(773)878-1184," 4753 N Broadway St, Ste 822 "," Chicago, IL 60640 ",
Vandalia Chamber ofCommerce ,,,(618)283-2728," 1408 N 5th St., P.O. Box 238 "," Vandalia, IL 62471 ",
Viola Chamber of Commerce ,,www.villageofviola.org,(309)596-2620, PO Box 403," Viola, IL 61486 ",
Walnut Chamber of Commerce ,,www.walnutillinois.com,(815)379-2141, PO Box 56," Walnut, IL 61376 ",
Warren Chamber of Commerce ,,,(815)745-3390, PO Box 691," Warren, IL 61087 ",
Warrenville Chamberof Commerce ,,www.warrenvillechamber.net,(630)393-9080, PO Box 432," Warrenville, IL 60555 ",
Warsaw Chamber of Commerce ,,,(217)256-4478, 415 Le Claire St," Warsaw, IL 62379 ",
Washington Chamber of Commerce ,,www.washingtoncoc.com,(309)444-9921, 105 S Spruce St," Washington, IL 61571 ",
Waterloo Chamber of Commerce ,,www.enjoywaterloo.com/,(618)939-5300, PO Box 1," Waterloo, IL 62298 ",
Waterloo Chamber ofCommerce ,,www.enjoywaterloo.com,(618)939-5300," 118 East Third St, PO Box 1 "," Waterloo, IL 62298 ",
Wauconda Area Chamber of Commerce ,,www.waucondachamber.org,(847)526-5580, 100 N Main St.," Wauconda, IL 60084 ",
West Frankfort Chamber of Commerce ,,,(618)932-2181, 614 W Main St.," West Frankfort, IL 62896 ",
West Town Chicago Chamber Of Commerce ,,,(312)850-9390, 1819 W Chicago Ave," Chicago, IL 60622 ",
Westchester Chamber of Commerce ,,www.westchesterchamber.org,(708)240-8400, PO Box 7309," Westchester, IL 60154 ",
Wheeling Prospect Heights Cof C & Industry ,,wphchamber.com,(847)541-0170," 2 Community Blvd, Suite 203 "," Wheeling, IL 60090 ",
Wicker Park Bucktown Chamber of Commerce ,,www.wickerparkbucktown.com,(773)384-2672, 1414 North Ashland," Chicago, IL 60622 ",
Willowbrook/Burr Ridge C of Commerce & Industry ,,www.wbbrchamber.org,(630)654-0909, 8300 S Madison," Willowbrook, IL 60527 ",
Wilmette Kenilworth Chamber ofCommerce ,,www.wilmettekenilworth.com,(847)251-3800, 351 Linden Ave," Wilmette, IL 60091 ",
Wilmington Chamber of Commerce ,,,(815)476-7966," 111 S Water St., P.O. Box 327 "," Wilmington, IL 60481 ",
Winchester Chamber of Commerce ,,,(217)742-3219, PO Box 201," Winchester, IL 62694 ",
Winfield Chamber ofCommerce ,,www.winfield-chamber.com,(630)682-3712," Os 125 Church St., P.O. Box 209 "," Winfield, IL 60190 ",
Winnetka Chamber ofCommerce ,,www.winnetkachamber.com,(847)446-4451, 841 Spruce St.," Winnetka, IL 60093 ",
Winthrop Harbor Chamber of Commerce ,,,(847)872-7723, 830 Sheridan Rd.," Winthrop Harbor, IL 60096 ",
Wonder Lake Chamber of Commerce ,,www.wonderlake.org,(815)728-0682, 7602 Hancock Dr," Wonder Lake, IL 60097 ",
Wyanet Chamber of Commerce ,,,(815)699-2631, PO Box 125," Wyanet, IL 61379 ",
Wyoming Chamber of Commerce ,,,(309)286-4444, PO Box 157," Wyoming, IL 61491 ",
Yorkville Area Chamber of Commerce ,,www.villageprofile.com,(630)553-6853," 505 Countryside Center, P.O. Box 249 "," Yorkville, IL 60560 ",
