Chamber of Commerce of Southwest Indiana ,U.S. Chamber Member,www.evansvillechamber.com,(812)425-8147," 318 Main St, Suite 401 "," Evansville, IN 47708 ",
Clinton County Chamber of Commerce ,U.S. Chamber Member,www.ccinchamber.org/,(765)654-5507, 62 N Main St," Frankfort, IN 46041 ",
Crossroads Regional Chamber of Commerce ,U.S. Chamber Member,www.crownpointguide.com,(219)663-1800, 440 W 84th Dr," Merrillville, IN 46410 ",
Decatur Chamber of Commerce ,U.S. Chamber Member,www.decaturchamber.org/,(260)724-2604, 125 East Monroe St," Decatur, IN 46733 ",
Duneland Chamber of Commerce ,U.S. Chamber Member,www.dunelandchamber.org/,(219)926-5513, 220 Broadway," Chesterton, IN 46304 ",
Goshen Chamber of Commerce ,U.S. Chamber Member,www.goshen.org/,(574)533-2102, 232 S Main St," Goshen, IN 46526 ",
Greater Elkhart Chamber of Commerce ,U.S. Chamber Member,www.elkhart.org,(574)293-1531, PO Box 428," Elkhart, IN 46515 ",4 / 5
Greater Kokomo Chamber of Commerce ,U.S. Chamber Member,www.greaterkokomo.com,(765)457-2000," 700 East Firmin St, Suite 200 "," Kokomo, IN 46902 ",
Greater Valparaiso Chamber of Commerce ,U.S. Chamber Member,www.valparaisochamber.org,(219)462-1105, PO Box 330," Valparaiso, IN 46384 ",
Greensburg/Decatur County Chamber of Commerce ,U.S. Chamber Member,www.greensburgchamber.com,(812)663-2832, 314 W Washington St," Greensburg, IN 47240 ",
Indiana Chamber of Commerce ,U.S. Chamber Member,www.indianachamber.com,(317)264-3110," 115 W Washington St, Suite 850 S "," Indianapolis, IN 46204 ",
Kosciusko Chamber of Commerce ,U.S. Chamber Member,www.kchamber.com,(574)267-6311, 523 S Buffalo St," Warsaw, IN 46580 ",
La Porte Economic Advancement Partnership ,U.S. Chamber Member,www.lpchamber.com/,(219)324-8584, 809 Washington St," La Porte, IN 46350 ",5 / 5
Linton-Stockton Chamber of Commerce ,U.S. Chamber Member,www.lintonchamber.org,(812)847-4846, PO Box 208," Linton, IN 47441 ",
Madison Area Chamber of Commerce ,U.S. Chamber Member,www.madisonchamber.org,(812)265-3135, 301 East Main St," Madison, IN 47250 ",
Marion-Grant County Chamber of Commerce ,U.S. Chamber Member,www.marionchamber.org,(765)664-5107, 215 South Adams St," Marion, IN 46952 ",
Miami County Chamber of Commerce ,U.S. Chamber Member,www.miamicochamber.com,(765)472-1923, 13 East Main St.," Peru, IN 46970 ",
Michigan City Area Chamber of Commerce ,U.S. Chamber Member,www.mcachamber.com,(219)874-6221, 200 East Michigan Blvd," Michigan City, IN 46360 ",
Muncie-Delaware County Chamber of Commerce ,U.S. Chamber Member,www.muncie.com,(765)751-9101, PO Box 842," Muncie, IN 47308 ",
New Haven Chamber of Commerce ,U.S. Chamber Member,www.newhavenchamber.org,(260)749-4484," 428 Broadway St, Ste 101 "," New Haven, IN 46774 ",
Plainfield Chamber of Commerce ,U.S. Chamber Member,www.plainfield-in.com/,(317)839-3800, 210 W Main St," Plainfield, IN 46168 ",
South Bend Regional Chamber ,U.S. Chamber Member,www.sbrchamber.com,(574)234-0051," 101 North Michigan St, Suite 300 "," South Bend, IN 46601 ",5 / 5
Terre Haute Chamber of Commerce ,U.S. Chamber Member,www.terrehautechamber.com,(812)232-2391," 630 Wabash Avenue, #105"," Terre Haute, IN 47808 ",
Wayne County Area Chamber of Commerce ,U.S. Chamber Member,www.wcareachamber.org,(765)962-1511," 33 South 7th St, Suite 2 "," Richmond, IN 47374 ",
Westfield Chamber of Commerce ,U.S. Chamber Member,www.westfield-chamber.org,(317)804-3030, 130 Penn St," Westfield, IN 46074 ",
Angola Area Chamber of Commerce ,,www.angolachamber.org,(260)665-3512, 907 S Wayne St," Angola, IN 46703 ",
Bedford Area Chamber of Commerce ,,www.bedfordchamber.com,(812)275-4493, 1116 16th St," Bedford, IN 47421 ",4 / 5
Columbus Area Chamber of Commerce ,,www.columbusareachamber.com,(812)379-4457, 500 Franklin St," Columbus, IN 47201 ",5 / 5
Daviess County Chamber of Commerce ,,www.daviesscountychamber.com,(812)254-5262, 1 Train Depot St.," Washington, IN 47501 ",
Dearborn County Chamber of Commerce ,,www.dearborncountychamber.org,(812)537-0814, 320 Walnut St," Lawrenceburg, IN 47025 ",
Elwood Chamber of Commerce ,,www.elwood-in.com/chamber-home,(765)552-0180, 108 South Anderson St," Elwood, IN 46036 ",
Fayette County Chamber of Commerce ,,fayetteinchamber.com,(765)825-2561, 504 North Central Ave," Connersville, IN 47331 ",
Gibson County Chamber of Commerce ,,www.gibsoncountychamber.org,(812)385-2134, 202 East Broadway St," Princeton, IN 47670 ",
Greater Bloomington Chamber of Commerce ,,www.chamberbloomington.org,(812)336-6381," 400 West 7th St, Suite 102 "," Bloomington, IN 47404 ",
Greater Greencastle Chamber of Commerce ,,www.gogreencastle.com,(765)653-4517, PO Box 389," Greencastle, IN 46135 ",
Greater Greenfield Chamber of Commerce ,,www.greenfieldcc.org,(317)447-4188, One Courthouse Plaza," Greenfield, IN 46140 ",
Greater Rensselaer Chamber of Commerce ,,www.rensselaerchamber.com/,(219)866-8223, PO Box 73," Rensselaer, IN 47978 ",
Greater Seymour Chamber of Commerce ,,www.seymourchamber.org/,(812)522-3681, 105 South Chestnut St," Seymour, IN 47274 ",
Harrison County Chamber of Commerce ,,www.harrisonchamber.org,(812)738-0120, 111 West Walnut St," Corydon, IN 47112 ",
Highland/Griffith Chamber of Commerce ,,www.highlandchamber.com,(219)989-7203, 8536 Kennedy Ave," Highland, IN 46322 ",
Huntington Chamber of Commerce ,,www.huntington-chamber.com,(260)356-5300, 305 Warren St," Huntington, IN 46750 ",
Jasper Chamber of Commerce ,,www.jasperin.org,(812)482-6866, 302 West 6th St," Jasper, IN 47546 ",
Jennings County Chamber of Commerce ,,www.jenningscountychamber.com,(812)346-2339," 203 North State St, PO Box 340 "," North Vernon, IN 47265 ",
Knox County Chamber of Commerce ,,www.knoxcountychamber.com,(812)882-6440, PO Box 553," Vincennes, IN 47591 ",
Lakeshore Chamber of Commerce ,,www.lakeshorechamber.com,(219)931-1000," 5246 Hohman Ave, Suite 100 "," Hammond, IN 46320 ",
Logansport-Cass County Chamber of Commerce ,,www.logan-casschamber.com,(574)753-6388, 311 South 5th St," Logansport, IN 46947 ",
New Castle-Henry County Chamber of Commerce ,,www.nchcchamber.com,(765)529-5210," 100 South Main St, Suite 108 "," New Castle, IN 47362 ",
Noblesville Chamber of Commerce ,,www.noblesvillechamber.com,(317)773-0086, PO Box 2015," Noblesville, IN 46061 ",
One Southern Indiana ,,www.1si.org,(812)945-0266, 4100 Charlestown Rd," New Albany, IN 47150 ",
OneZone ,,www.onezonecommerce.com,(317)436-4653," 10305 Allisonville Rd, Suite B "," Fishers, IN 46038 ",
Plymouth Area Chamber of Commerce ,,www.plychamber.org,(574)936-2323, 120 North Michigan St," Plymouth, IN 46563 ",
Rush County Chamber of Commerce ,,www.rushcounty.com/chamber,(765)932-2880, 315 North Main St.," Rushville, IN 46173 ",
The Chamber of LaGrange County ,,www.lagrangechamber.org/,(260)463-2443," 901 South Detroit St, #A"," Lagrange, IN 46761 ",
Wabash County Chamber of Commerce ,,www.wabashchamber.org/,(260)563-5258, 210 South Wabash St," Wabash, IN 46992 ",
Wells County Chamber of Commerce ,,www.wellscoc.com,260)824-0510, 211 Water St," Bluffton, IN 46714 ",
Whiting-Robertsdale Chamber of Commerce ,,www.whitingindiana.com/,(219)659-0292, 1417 119th St," Whiting, IN 46394 ",
Whitley County Chamber of Commerce ,,www.whitleychamber.com,(260)248-8131, 128 W Van Buren St," Columbia City, IN 46725 ",
Akron Chamber of Commerce ,,,(219)893-4313, PO Box 813," Akron, IN 46910 ",
Albion Chamber of Commerce ,,www.albionin.org,(260)636-2727, PO Box 63," Albion, IN 46701 ",
Alexandria-monroe Chamber of Commerce ,,www.alexandriachamber.com,(765)724-3144, 125 N Wayne St," Alexandria, IN 46001 ",
Auburn Chamber of Commerce ,,www.chamberINauburn.org,(260)925-2100, 208 S Jackson," Auburn, IN 46706 ",
Avilla Chamber of Commerce ,,www.avilla.org,(260)897-2674, PO Box 313," Avilla, IN 46710 ",
Berne Chamber of Commerce ,,www.bernein.com,(260)589-8080," 175 W Main St., P.O. Box 85 "," Berne, IN 46711 ",
Bloomfield Chamber of Commerce ,,,(812)384-8995, PO Box 144," Bloomfield, IN 47424 ",
Boone County Chamber of Commerce ,,www.boonechamber.org,(765)482-1320, 221 N Lebanon St.," Lebanon, IN 46052 ",
Bremen Chamber of Commerce ,,,(574)546-2044," 111 S Center, P.O. Box 125 "," Bremen, IN 46506 ",
Brown County Chamber of Commerce ,,www.thebrowncountychamber.org,(812)988-0234, PO Box 164," Nashville, IN 47448 ",
Brownstown Chamber of Commerce ,,,(812)358-2930, PO Box 334," Brownstown, IN 47220 ",
Cambridge City AreaChamber of Commerce ,,,(765)478-4689, PO Box 206," Cambridge City, IN 47327 ",
Carroll County Chamber of Commerce ,,www.carrollcountychamber.com,(765)564-6757, PO Box 175," Delphi, IN 46923 ",
Cedar Lake Chamber of Commerce ,,,(219)374-6157," 7925 Lake Shore Dr., P.O. Box 101 "," Cedar Lake, IN 46303 ",
Churubusco Chamber of Commerce ,,,(260)693-2906," 9309 East Commerce Dr, PO Box 83 "," Churubusco, IN 46723 ",
Cicero Area Chamber of Commerce ,,,(608)562-3064," 466 17 North Island Eyron St, P.O. Box 466 "," Cicero, IN 46034 ",
Clay County Chamber of Commerce ,,www.claycountychamber.com,(812)448-8457," 523 E National Ave., P.O. Box 23 "," Brazil, IN 47834 ",
Cloverdale Area Chamber of Commerce ,,www.cloverdalechamber.com,(765)795-3993, PO Box 83," Cloverdale, IN 46120 ",
Crawford County Chamber of Commerce ,,www.crawfordcountychamber.org/,(812)739-2246, 6225 E Industrial Ln," Leavenworth, IN 47137 ",
Culver Chamber of Commerce ,,,(574)842-5253, PO Box 129," Culver, IN 46511 ",
DeMotte Chamber of Commerce ,,www.demottechamber.org,(219)987-5800, PO Box 721," Demotte, IN 46310 ",
Dunkirk Area Chamber of Commerce ,,,(765)768-6225, 505 Walsh Ct.," Dunkirk, IN 47336 ",
Dyer Chamber of Commerce ,,www.dyeronline.com/chamber,(219)865-1045, PO Box 84," Dyer, IN 46311 ",
Ferdinand Chamber of Commerce ,,,(812)367-0550, PO Box 101," Ferdinand, IN 47532 ",
Fowler Chamber of Commerce ,,,(765)884-1780, PO Box 293," Fowler, IN 47944 ",
Franklin Chamber of Commerce ,,www.franklincoc.org,(317)736-6334, 120 East Jefferson St.," Franklin, IN 46131 ",
Franklin County Chamber of Commerce ,,www.fcchamber.net,(765)647-3177, 18 W 10th St," Brookville, IN 47012 ",
Fremont Area Chamber of Commerce ,,www.fremontchamber.org,(260)495-9010, PO Box 462," Fremont, IN 46737 ",
French Lick-West Baden Chamber of Commerce ,,,(812)936-2405, 1 Monon St.," French Lick, IN 47432 ",
Garrett Chamber of Commerce ,,,(260)357-4600, 111 W Keyser St.," Garrett, IN 46738 ",
Gary Chamber of Commerce ,,www.garychamber.com,(219)885-7407, PO Box 164," Nashville, IN 47448 ",
Gas City Area Chamber of Commerce ,,www.gascity.com,(765)674-7545, 407 E Main St," Gas City, IN 46933 ",
Grabill Chamber of Commerce ,,,(260)627-5227, PO Box 254," Grabill, IN 46741 ",
Greater Avon Chamber of Commerce ,,www.avonchamber.org,(317)272-4333," 8244 E Us Highway 36, Suite 140 "," Avon, IN 46123 ",
Greater Brownsburg Chamber of Commerce ,,www.brownsburg.com,(317)852-7885," 1411 South Green St, Suite 230 "," Brownsburg, IN 46112 ",
Greater Danville Chamber of Commerce ,,,(317)745-0670," 49 N Wayne St, #100 "," Danville, IN 46122 ",
Greater Lawrence Chamber of Commerce ,,,(317)541-9876, 9120 Otis Ave," Lawrence, IN 46216 ",
Greater Martinsville Chamber of Commerce ,,reliable-net.net/~chamber,(765)342-8110," 20 W Washington St., P.O. Box 1378 "," Martinsville, IN 46151 ",
Greater Mitchell Chamber of Commerce ,,www.mitchellchamberofcommerce.org/home,(812)849-4441, PO Box 216," Mitchell, IN 47446 ",
Greater Plainfield Chamber of Commerce ,,www.plainfield-in.com,(317)839-7222, 3914 Clarks Creek Rd.," Plainfield, IN 46168 ",
Greater Portage Chamber of Commerce ,,www.portageindianachamber.com,(219)762-3300, 2642 Eleanor St.," Portage, IN 46368 ",
Greater Scott County Chamber of Commerce ,,www.greatscottindiana.org,(812)752-4080," 90 N Main St., B "," Scottsburg, IN 47170 ",
Greater Zionsville Chamber of Commerce ,,www.bremc.com/zionsville,(317)873-3836, 95 S Elm St," Zionsville, IN 46077 ",
Hamilton Chamber of Commerce ,,www.hamiltonindiana.org,(260)668-9012, PO Box 66," Hamilton, IN 46742 ",
Hartford City Chamber of Commerce ,,,(765)348-1905," 121 N High St., P.O. Box 286 "," Hartford City, IN 47348 ",
Haubstadt Chamber of Commerce ,,,(812)768-6451, PO Box 308," Haubstadt, IN 47639 ",
Hebron Chamber of Commerce ,,www.visithebron.org,(219)996-5678," PO Box 672, P.O. Box 172 "," Hebron, IN 46341 ",
Hobart Chamber of Commerce ,,www.hobartchamber.com,(219)942-5774, 1001 Lillian St," Hobart, IN 46342 ",
Huntingburg Chamber of Commerce ,,www.huntingburgchamberofcommerce.org,(812)683-5699, 309 N Geiger St.," Huntingburg, IN 47542 ",
Jay County Chamber of Commerce ,,www.portlandchamber.jayco.net,(260)726-4481, 411 N Meridian St.," Portland, IN 47371 ",
Kendallville Area Chamber of Commerce ,,www.kendallvillechamber.com,(260)347-1554, 122 S Main St.," Kendallville, IN 46755 ",
Kentland Area Chamber of Commerce ,,,(219)474-5155, PO Box 273," Kentland, IN 47951 ",
Knightstown Area Chamber of Commerce ,,www.knightstown.com,(765)345-5290, PO Box 44," Knightstown, IN 46148 ",
Lake Station Chamber of Commerce ,,,, 2500 Pike St," Lake Station, IN 46405 ",
Liberty-Union County Chamber of Commerce ,,www.unioncountyin.com,(765)458-5976, 5 W High St.," Liberty, IN 47353 ",
Ligonier Chamber of Commerce ,,www.ligonierindianachamber.org/,(260)894-9909, PO Box 121," Ligonier, IN 46767 ",
Lowell Chamber of Commerce ,,,(219)696-0231," 428 E Commercial Ave., P.O. Box 303 "," Lowell, IN 46356 ",
Martin County Chamber of Commerce ,,,(812)295-4093, PO Box 257," Loogootee, IN 47553 ",
Mentone Chamber of Commerce ,,www.mentoneeggcity.com,(219)353-7417, 105 East Main St.," Mentone, IN 46539 ",
Middlebury Chamber of Commerce ,,www.middleburycoc.com,(574)825-4300, PO Box 243," Middlebury, IN 46540 ",
Monon Chamber of Commerce ,,townofmonon.com/contact-us,(219)253-6441," 422 North Market St, P.O. Box 657 "," Monon, IN 47959 ",
Monticello Chamber of Commerce ,,www.monticelloin.com,(574)583-7220, 105 West Broadway St," Monticello, IN 47960 ",
Mooresville Chamberof Commerce ,,,(317)831-6509, 4 East Harrison St," Mooresville, IN 46158 ",
Morristown Area Chamber of Commerce ,,www.morristownchamberin.com,(765)763-7155, PO Box 476," Morristown, IN 46161 ",
Munster Chamber of Commerce ,,www.munsterchamber.org,(219)836-5549, 1005 Ridge Rd.," Munster, IN 46321 ",
Nappanee Area Chamber of Commerce ,,www.nappanee.org,(574)773-7812," 451 N Main St., 100 "," Nappanee, IN 46550 ",
New Palestine Area Chamber of Commerce ,,,(317)861-2345, PO Box 541," New Palestine, IN 46163 ",
New Paris Chamber of Commerce ,,,(219)831-7598, PO Box 402," New Paris, IN 46553 ",
North Manchester Chamber of Commerce ,,,(260)982-7644, 109 N Market St.," North Manchester, IN 46962 ",
North Newton Area Chamber of Commerce ,,,(219)345-2525, PO Box 266," Roselawn, IN 46372 ",
North Webster-Tippecanoe Twp Chamber ofCommerce ,,,(574)834-7076," 102 S Morton St, PO Box 19 "," North Webster, IN 46555 ",
Orleans Chamber of Commerce ,,www.historicorleans.com,(812)865-9930, PO Box 9," Orleans, IN 47452 ",
Owen County Chamber of Commerce & Eco. Dev. Corp. ,,www.owencountyindiana.org,(812)829-3245, 119 S Main St," Spencer, IN 47460 ",
Paoli Chamber of Commerce ,,www.blueriver.net/~paolicoc,(812)723-4769, 210 W Court St.," Paoli, IN 47454 ",
Parke County Chamber of Commerce ,,www.parkecountychamber.com,(765)569-5565, 105 N Market St," Rockville, IN 47872 ",
Perry County Chamber of Commerce ,,www.pickperry.com,(812)547-2385," 601 Main St., Suite A "," Tell City, IN 47586 ",
Pike County Chamberof Commerce ,,pikecountyin.org,(812)354-8155," 801 East Main St, P.O. Box 291 "," Petersburg, IN 47567 ",
Posey County Chamber of Commerce ,,www.ccswin.com,(812)838-3639, 915 E 4th St," Mount Vernon, IN 47620 ",
Pulaski County Chamber of Commerce ,,,(219)946-3869," 102 N Monticello St, Ste 1 "," Winamac, IN 46996 ",
Ripley County Chamber of Commerce ,,www.ripleycountychamber.org,(812)689-6654," 102 N Main St., P.O. Box 576 "," Versailles, IN 47042 ",
Roanoke Chamber of Commerce ,,,(260)672-8116, PO Box 434," Roanoke, IN 46783 ",
Rochester & Lake Manitou Chamber of Commerce ,,www.rtcol.com/chamber,(574)224-2666, 822 Main St.," Rochester, IN 46975 ",
Rome City Chamber of Commerce ,,romecitychamber.com,(260)854-2412, PO Box 42," Rome City, IN 46784 ",
Saint John Chamber of Commerce ,,www.stjohnchamber.com,," 9495 Keilman St, Ste 10 "," Saint John, IN 46373 ",
Santa Claus Area Chamber of Commerce ,,,(812)937-2848, PO Box 106," Santa Claus, IN 47579 ",
Schererville Chamber of Commerce ,,www.jorsm.com/scc,(219)322-5412, 105 E Joliet St.," Schererville, IN 46375 ",
Shakamak Chamber ofCommerce ,,,(812)665-3622, PO Box 101," Jasonville, IN 47438 ",
Shelby County Chamber of Commerce ,,www.shelbychamber.net,(317)398-6647, 501 N Harrison St," Shelbyville, IN 46176 ",
Spencer County Regional Chamber of Commerce ,,www.spencercoin.org,(812)649-2186," 2792 N U.S Hwy. 231, 100 "," Rockport, IN 47635 ",
Starke County Chamber of Commerce ,,www.starkechamber.com,(574)772-5548, 400 N Heaton St," Knox, IN 46534 ",
Sullivan County Chamber of Commerce ,,,(812)268-4836," 4 N Court St., P.O. Box 325 "," Sullivan, IN 47882 ",
Switzerland County Economic Development Corp ,,,(855)627-5526, PO Box 192," Vevay, IN 47043 ",
Syracuse-Wawasee Chamber of Commerce ,,www.swchamber.com,(574)457-5637, PO Box 398," Syracuse, IN 46567 ",
Tipton County Chamber of Commerce ,,www.tiptonchamber.org,(765)675-7533," 116 S Main St, #F"," Tipton, IN 46072 ",
Town of Kingsford Heights ,,,(219)393-3309," 504 Grayton Rd., P.O. Box 330 "," Kingsford Heights, IN 46346 ",
Union City Chamber of Commerce ,,www.myunioncity.com,(765)964-5409," 105 N Columbia St., P.O. Box 424 "," Union City, IN 47390 ",
Upland Chamber of Commerce ,,,(765)998-7439, PO Box 157," Upland, IN 46989 ",
Valpo Chamber of Commerce ,,,(219)766-2867, PO Box 330," Kouts, IN 46347 ",
Van Buren Chamber of Commerce ,,,(765)934-4646, PO Box 484," Van Buren, IN 46991 ",
Wakarusa Chamber ofCommerce ,,www.wakarusachamber.com,(574)862-4344," 100 W Waterford, P.O. Box 291 "," Wakarusa, IN 46573 ",
Walkerton Area Chamber of Commerce ,,,, 612 Roosevelt Rd.," Walkerton, IN 46574 ",
Warren Area Chamber of Commerce ,,www.warrenindiana.com,, PO Box 40," Warren, IN 46792 ",
Warrick County Chamber of Commerce ,,www.warrickchamber.org,(812)897-2340, 224 W Main," Boonville, IN 47601 ",
Washington County Chamber of Commerce ,,www.blueriver.net/~wcegp/tourism/,(812)883-4303, 210 N Main St.," Salem, IN 47167 ",
Westville Area Chamber of Commerce ,,,, PO Box 215," Westville, IN 46391 ",
Whitley County Chamber of Commerce ,,,(260)248-8131," 128 West Van Buren St, P.O. Box 166 "," Columbia City, IN 46725 ",
Winchester Area Chamber of Commerce ,,www.winchesterareachamber.org,(765)584-3731, 211 S Main St," Winchester, IN 47394 ",
Zionsville Chamber of Commerce ,,www.zionsvillechamber.org,(317)873-3836," 1100 West Oak St, Suite 214 "," Zionsville, IN 46077 ",
