Caroline County Chamber of Commerce ,U.S. Chamber Member,,(410)479-4638," 9194 Legion Rd, Suite 1 "," Denton, MD 21629 ",
Cecil County Chamber of Commerce ,U.S. Chamber Member,www.cecilchamber.com,(410)392-3833, 233 E Main St," Elkton, MD 21921 ",
Charles County Chamber of Commerce ,U.S. Chamber Member,www.charlescountychamber.org,(301)932-6500," 101 Centennial St, Suite A "," La Plata, MD 20646 ",
Frederick County Chamber of Commerce ,U.S. Chamber Member,www.frederickchamber.org,(301)662-4164," 118 N Market St, Ste 200 "," Frederick, MD 21701 ",
Garrett County Chamber of Commerce ,U.S. Chamber Member,www.visitdeepcreek.com,(301)387-4386, 15 Visitors Center Dr.," McHenry, MD 21541 ",
Greater Bethesda Chamber of Commerce ,U.S. Chamber Member,www.bccchamber.org,(301)652-4900," 7910 Woodmont Ave, Suite 1204 "," Bethesda, MD 20814 ",
Greater Crofton Chamber of Commerce ,U.S. Chamber Member,www.croftonchamber.com,(410)721-9131," 2126 Espey Court, Suite A"," Crofton, MD 21114 ",
Greater Ocean City Chamber of Commerce ,U.S. Chamber Member,www.oceancity.org,(410)213-0144, 12320 Ocean Gateway," Ocean City, MD 21842 ",
Greater Silver Spring Chamber of Commerce ,U.S. Chamber Member,www.gsscc.org,(301)565-3777," 8601 Georgia Ave, Suite 203 "," Silver Spring, MD 20910 ",
Harford County Chamber of Commerce ,U.S. Chamber Member,www.harfordchamber.com,(410)838-2020, 108 S Bond St.," Bel Air, MD 21014 ",
Howard County Chamber of Commerce ,U.S. Chamber Member,www.howardchamber.com,(410)730-4111," 6240 Old Dobbin Ln, Ste 110 "," Columbia, MD 21045 ",
Maryland Chamber of Commerce ,U.S. Chamber Member,www.mdchamber.org,(410)269-0642," 60 West St, Suite 100 "," Annapolis, MD 21401 ",
Maryland Hispanic Chamber of Commerce ,U.S. Chamber Member,www.mdhcc.org,(443)620-0165," 11 West Mount Vernon Pl, Suite 304 "," Baltimore, MD 21201 ",
Olney Chamber of Commerce ,U.S. Chamber Member,www.olneymd.org,(301)774-7117, PO Box 550," Olney, MD 20830 ",
St Mary'S County Chamber Of Commerce ,U.S. Chamber Member,www.smcchamber.com,(301)737-3001," 22738 Maple Road, Ste 104"," Lexington Park, MD 20653 ",
Talbot County Chamber of Commerce ,U.S. Chamber Member,www.talbotchamber.org,(410)822-4653," 101 Marlboro Ave, Suite 53 "," Easton, MD 21601 ",
Washington County Chamber of Commerce ,U.S. Chamber Member,www.hagerstown.org,(301)739-2015, 1 S Potomac St," Hagerstown, MD 21740 ",
Saint Mary's County Chamber of Commerce ,,www.smcchamber.com,(301)737-3001, 44200 Airport Rd," California, MD 20619 ",
Allegany County Chamber of Commerce ,,www.alleganycountychamber.com,(301)722-2820," 24 Frederick St, Bell Tower Bldg "," Cumberland, MD 21502 ",
Annapolis and Anne Arundel County Chamber of Comm ,,www.annapolischamber.com,(410)266-3960," 134 Holiday Ct, Suite 316 "," Annapolis, MD 21404 ",
Baltimore County Chamber of Commerce ,,www.baltcountycc.com,(410)825-6200," 102 West Pennsylvania Ave, Suite 101 "," Towson, MD 21204 ",
Calvert County Chamber of Commerce ,,www.calvertchamber.org/,(443)295-5685, PO Box 9," Prince Frederick, MD 20678 ",
Carroll County Chamber of Commerce ,,www.carrollcountychamber.org,(410)848-9050, PO Box 871," Westminster, MD 21158 ",
Chesapeake Gateway Chamber of Commerce ,,www.chesapeakechamber.org,(443)317-8763," 405 Williams Ct, Suite 108 "," Baltimore, MD 21220 ",
Gaithersburg-Germantown Chamber of Commerce ,,www.ggchamber.org,(301)840-1400," 910 Clopper Rd, Suite 205N "," Gaithersburg, MD 20878 ",
Kent County Chamber of Commerce ,,www.kentchamber.org,(410)810-2968, PO Box 146," Chestertown, MD 21620 ",
Montgomery County Chamber of Commerce ,,www.montgomerycountychamber.com/,(301)738-0015," 51 Monroe St, Suite 1800 "," Rockville, MD 20850 ",
Northwest Chamber of commerce ,,www.romgchamber.org,(410)702-7073, PO Box 336," Reisterstown, MD 21136 ",
Prince George's Chamber of Commerce ,,www.pgcoc.org,(301)731-5000," 4640 Forbes Blvd, Suite 130 "," Lanham, MD 20706 ",
Queen Anne's County Chamber of Commerce ,,www.qacchamber.com,(410)643-8530, 1561 Postal Rd," Chester, MD 21619 ",
Rockville Chamber of Commerce ,,www.rockvillechamber.org/,(301)424-9300," 1 Research Ct, Suite 450 "," Rockville, MD 20850 ",
Salisbury Area Chamber of Commerce ,,www.salisburyarea.com,(410)749-0144, PO Box 510," Salisbury, MD 21803 ",
The Greater Cumberland Committee ,,greatercc.org,(301)722-0090," 71 Baltimore St, #200"," Cumberland, MD 21502 ",
Aberdeen Chamber of Commerce ,,www.aberdeencc.com,(410)272-2580," 115 N Parke St., P.O. Box 292 "," Aberdeen, MD 21001 ",
Baltimore City Chamber of Commerce ,,www.baltimorecitychamber.org,(410)837-7101, 312 Martin Luther King Jr Blvd," Baltimore, MD 21201 ",
Berlin Chamber of Commerce ,,www.berlinmdcc.org,(410)641-4775, 14 South Main St," Berlin, MD 21811 ",
Chesapeake Gateway Chamber of Commerce ,,www.emrchamber.org,(410)317-8763," 405 Williams Ct, Ste 108 "," Middle River, MD 21220 ",
Crisfield Area Chamber of Commerce ,,www.crisfieldchamber.com,(410)968-2500, 906 W Main St," Crisfield, MD 21817 ",
Dorchester Chamber of Commerce ,,www.dorchesterchamber.org,(410)228-3575, 528 Poplar St.," Cambridge, MD 21613 ",
Dundalk Chamber of Commerce ,,,(410)284-3700, 7233 German Hill Rd," Dundalk, MD 21222 ",
Greater Bowie Chamber of Commerce ,,www.bowiechamber.org,(301)262-0920," 2614 Kenhill Drive, #117"," Bowie, MD 20715 ",
Greater Catonsville Chamber of Commerce ,,www.catonsville.org,(410)719-9609, 924 Frederick Road," Catonsville, MD 21228 ",
Greater Elkton Chamber of Commerce ,,,(410)398-5076, 101 E Main St.," Elkton, MD 21921 ",
Greater Mount Airy Chamber of Commerce ,,www.mtairyncchamber.org/,(336)786-6116, PO Box 741," Mount Airy, MD 21771 ",3 / 5
Greater Severna Park & Arnold Chamber of Commerce ,,www.severnaparkchamber.com,(410)647-3900, One Holly Ave.," Severna Park, MD 21146 ",
Havre de Grace Chamber of Commerce ,,,(410)939-3303, 450 Pennington Ave," Havre de Grace, MD 21078 ",
North East Chamber of Commerce ,,www.northeastchamber.org,(410)287-2658, PO Box 609," North East, MD 21901 ",
Northern Anne Arundel County Chamber of Commerce ,,www.naaccc.com,(410)766-8282," 7477 Baltimore-Annapolis Blvd., 201 "," Glen Burnie, MD 21061 ",
Ocean Pines Area Chamber of Commerce ,,www.oceanpineschamber.org/,(410)641-5306," 11073 Cathell Rd., 202 "," Berlin, MD 21811 ",
Pocomoke Area Chamber of Commerce ,,www.pocomoke.com,(410)957-1919," 144 Market St., P.O. Box 356 "," Pocomoke City, MD 21851 ",
Poolesville Area Chamber of Commerce ,,www.poolesvillechamber.com,(301)349-5753, PO Box 256," Poolesville, MD 20837 ",
Potomac Chamber of Commerce ,,,," 9812 Falls Rd., 114-321 "," Potomac, MD 20854 ",
Snow Hill Chamber of Commerce ,,www.snowhillchamber.com/,(410)632-0809, PO Box 176," Snow Hill, MD 21863 ",
Southern Anne Arundel Chamber of Commerce ,,www.southcounty.org,(410)867-3129, 5503 Muddy Creek Rd.," Churchton, MD 20733 ",
Taneytown Chamber of Commerce ,,www.taneytownchamber.org,(410)756-4234, PO Box 18," Taneytown, MD 21787 ",
Towson Chamber Of Commerce ,,,(410)825-1144, 44 W Chesapeake Ave," Towson, MD 21204 ",
Wheaton-Kensington Chamber of Commerce ,,www.wkchamber.org,(301)949-0080," 2401 Blueridge Ave., 101 "," Silver Spring, MD 20902 ",
