Blackstone Valley Chamber of Commerce ,U.S. Chamber Member,www.blackstonevalley.org/,(508)234-9090," 670 Linwood Ave, Bldg. A Suite #5 "," Whitinsville, MA 01588 ",
Cape Cod Chamber of Commerce ,U.S. Chamber Member,www.capecodchamber.org,(508)362-3225, 5 Patti Page Way," Centerville, MA 02632 ",
Chelsea Chamber of Commerce ,U.S. Chamber Member,,(617)884-4877, 308 Broadway," Chelsea, MA 02150 ",
Corridor Nine Area Chamber of Commerce ,U.S. Chamber Member,www.corridornine.org,(508)836-4444," 30 Lyman St, #6, P.O. Box 1555 "," Westborough, MA 01581 ",
Greater Boston Chamber of Commerce ,U.S. Chamber Member,www.bostonchamber.com,(617)227-4500," 265 Franklin St., 17th Floor "," Boston, MA 02210 ",
Haitian-American Chamber Of Commerce Of Massachuse ,U.S. Chamber Member,www.haccm.org,(617)657-4522, 1550 Blue Hill Ave," Mattapan, MA 02126 ",
Harwich Chamber of Commerce ,U.S. Chamber Member,www.harwichcc.com,(508)430-1165, 1 Schoolhouse Rd," Harwich Port, MA 02646 ",
Lynn Area Chamber of Commerce ,U.S. Chamber Member,www.lynnareachamber.com,(781)592-2900," 583 Chestnut St, Ste 8 "," Lynn, MA 01904 ",
Metro South Chamber of Commerce ,U.S. Chamber Member,www.metrosouthchamber.com/,(508)586-0500, 60 School St," Brockton, MA 02301 ",5 / 5
Nantucket Island Chamber of Commerce ,U.S. Chamber Member,www.nantucketchamber.org,(508)228-1700," Zero Main St., 2nd Floor "," Nantucket, MA 02554 ",
Nashoba Valley Chamber of Commerce ,U.S. Chamber Member,www.nvcoc.com/,(978)425-5761," 2 Shaker Rd, B200 "," Shirley, MA 01464 ",
Neponset Valley Chamber of Commerce ,U.S. Chamber Member,www.nvcc.com,(781)769-1126," 520 Boston Providence Tpke, Ste 4 "," Norwood, MA 02062 ",
North Central Massachusetts Chamber of Commerce ,U.S. Chamber Member,www.northcentralmass.com,(978)353-7600, 860 South St," Fitchburg, MA 01420 ",4 / 5
North Shore Chamber of Commerce ,U.S. Chamber Member,www.northshorechamber.org,(978)774-8565," 5 Cherry Hill Dr, Suite 100 "," Danvers, MA 01923 ",
One SouthCoast Chamber Inc ,U.S. Chamber Member,www.onesouthcoast.com,(508)999-5231, PO Box 8827," New Bedford, MA 02742 ",
Orleans Chamber of Commerce ,U.S. Chamber Member,www.orleanscapecod.org,(508)255-7203, 44 Main St," Orleans, MA 02653 ",
Sandwich Chamber of Commerce ,U.S. Chamber Member,www.sandwichchamber.com,(508)833-9755," P.O. Box 744, 4 Water Street "," Sandwich, MA 02563 ",
South Shore Chamber of Commerce ,U.S. Chamber Member,www.southshorechamber.org,(781)421-3900, 1050 Hingham St," Rockland, MA 02370 ",5 / 5
United Regional Chamber of Commerce ,U.S. Chamber Member,www.unitedchamber.org,(508)316-0861," 310 South St, Unit 7 "," Plainville, MA 02762 ",
1Berkshire ,,www.berkshirechamber.com/,(413)499-1600, 66 Allen St," Pittsfield, MA 01201 ",
Amesbury Chamber of Commerce and Industrial Fdn ,,www.amesburychamber.com,(978)388-3178, 5 Market Square," Amesbury, MA 01913 ",
Cambridge Chamber of Commerce ,,www.cambridgechamber.org,(617)876-4217," 1 Kendall Sq, B6105 "," Cambridge, MA 02139 ",
Cape Ann Chamber of Commerce ,,www.capeannchamber.com/,(978)283-1601, 33 Commercial St," Gloucester, MA 01930 ",
Cape Cod Canal Region Chamber of Commerce ,,www.capecodcanalchamber.org/,(508)759-6000, 70 Main St," Buzzards Bay, MA 02532 ",
Central Mass South Chamber of Commerce ,,www.cmschamber.org,(508)347-2761, 46 Hall Rd," Sturbridge, MA 01566 ",
"Chelmsford Business Association, Inc. ",,www.chelmsfordbusiness.org,(978)250-3858, 10 Summer St," Chelmsford, MA 01824 ",
Falmouth Chamber of Commerce ,,www.falmouthchamber.com/,(508)548-8500, 20 Academy Ln," Falmouth, MA 02540 ",
Greater Beverly Chamber of Commerce ,,www.greaterbeverlychamber.com,(978)232-9559," 100 Cummings Center, Suite 107k "," Beverly, MA 01915 ",
Greater Chicopee Chamber of Commerce ,,www.chicopeechamber.org/,(413)594-2101," 264 Exchange St, Ste 1 "," Chicopee, MA 01013 ",4 / 5
Greater Easthampton Chamber of Commerce ,,www.easthamptonchamber.org,(413)527-9414, 33 Union St," Easthampton, MA 01027 ",
Greater Gardner Chamber of Commerce ,,www.gardnerma.com,(978)632-1780," 29 Parker St, P.O. Box 1381 "," Gardner, MA 01440 ",
Greater Haverhill Chamber of Commerce ,,www.haverhillchamber.com,(978)373-5663, 80 Merrimack St," Haverhill, MA 01830 ",
Greater Holyoke Chamber of Commerce ,,www.holycham.com,(413)534-3376, 177 High St," Holyoke, MA 01040 ",
Greater Lowell Chamber of Commerce ,,www.glcc.biz,(978)459-8154," 133 Merrimack St, Ste 3 "," Lowell, MA 01852 ",
Greater Newburyport Chamber of Commerce ,,www.newburyportchamber.org,(978)462-6680, 38r Merrimac St," Newburyport, MA 01950 ",
Greater Westfield Chamber of Commerce ,,www.westfieldbiz.org,(413)568-1618, 16 N Elm St," Westfield, MA 01085 ",
Hull Nantasket Chamber of Commerce ,,www.hullchamber.com,(781)925-9980, PO Box 140," Hull, MA 02045 ",
Hyannis Area Chamber of Commerce ,,www.hyannis.com,(508)775-7778, 1481 Route 132," Hyannis, MA 02601 ",
Lenox Chamber of Commerce ,,www.lenox.org,(413)637-3646, 4 Housatonic St," Lenox, MA 01240 ",
Lexington Chamber of Commerce ,,lexingtonchamberofcommerce.vpweb.com,(781)862-2480, 1875 Mass Ave," Lexington, MA 02420 ",
Marblehead Chamber of Commerce ,,www.marbleheadchamber.org,(781)631-2868, 62 Pleasant St," Marblehead, MA 01945 ",
Marlborough Regional Chamber of Commerce ,,www.marlboroughchamber.org,(508)485-7746, 11 Florence St," Marlborough, MA 01752 ",
Merrimack Valley Chamber of Commerce ,,www.merrimackvalleychamber.com,(978)686-0900, 264 Essex St," Lawrence, MA 01840 ",
Middlesex West Chamber of Commerce ,,www.mwcoc.com,(978)263-0010," 179 Great Rd, Suite 104B "," Acton, MA 01720 ",
Milford Area Chamber of Commerce ,,www.milfordchamber.org,(508)473-6700," 258 Main St, Ste 308 "," Milford, MA 01757 ",
Newton Needham Chamber of Commerce ,,www.nnchamber.com/,(617)244-1688, 281 Needham St," Newton, MA 02464 ",
North Suburban Chamber of Commerce ,,www.northsuburbanchamber.com,(781)933-3499, PO Box 2518," Woburn, MA 01888 ",
Peabody Chamber of Commerce ,,www.peabodychamber.com,(978)531-0384," 49 Lowell St, #1 "," Peabody, MA 01960 ",
Plymouth Area Chamber of Commerce ,,www.plymouthchamber.com,(508)830-1620, 134 Court St," Plymouth, MA 02360 ",
Quaboag Valley Chamber of Commerce ,,www.quaboaghills.com,(413)283-2418," 3 Converse St, Suite 103 "," Palmer, MA 01069 ",
Randolph Chamber of Commerce ,,www.randolphchamberofcommerce.org,(781)963-6862, 6 S Main St," Randolph, MA 02368 ",
Salem Chamber of Commerce ,,www.salem-chamber.org,(978)744-0004," 265 Essex St, Suite 101 "," Salem, MA 01970 ",
Saugus Chamber of Commerce ,,www.sauguschamber.org/,(781)233-8407, 38 Main St," Saugus, MA 01906 ",
Scituate Chamber of Commerce ,,www.scituatechamber.org,(781)545-4000, PO Box 401," Scituate, MA 02066 ",
Somerville Chamber of Commerce ,,www.somervillechamber.org,(617)776-4100, PO Box 440343," Somerville, MA 02144 ",
South Hadley & Granby Chamber of Commerce ,,www.shgchamber.com,(413)532-6451, PO Box94," South Hadley, MA 01075 ",
Southern Berkshire Chamber of Commerce ,,www.southernberkshirechamber.com,(413)528-4284, PO Box 810," Great Barrington, MA 01230 ",
Springfield Regional Chamber ,,springfieldregionalchamber.com/,(413)755-1309," 1441 Main St, Suite 136 "," Springfield, MA 01103 ",
Taunton Area Chamber of Commerce ,,www.tauntonareachamber.org,(508)824-4068," 6 Pleasant St, Suite A "," Taunton, MA 02780 ",
Walpole Chamber of Commerce ,,www.walpolechamber.com,(508)451-5840, PO Box 361," Walpole, MA 02081 ",
Waltham West Suburban Chamber of Commerce ,,www.walthamchamber.com/,(781)894-4700, 84 South St," Waltham, MA 02453 ",
Wellesley Chamber of Commerce ,,www.wellesleychamber.org,(781)235-2446," 148 Linden St, Ste 107 "," Wellesley, MA 02482 ",
Williamstown Chamber of Commerce ,,www.williamstownchamber.com,(413)458-9077, PO Box 357," Williamstown, MA 01267 ",
Worcester Regional Chamber of Commerce ,,www.worcesterchamber.org,(508)753-2924," 446 Main St, Ste 20"," Worcester, MA 01608 ",
Yarmouth Chamber of Commerce ,,www.yarmouthcapecod.com,(508)778-1008, PO Box 479," South Yarmouth, MA 02664 ",
Amherst Area Chamber of Commerce ,,www.amherstarea.com,(413)253-0700, 35 South Pleasant St," Amherst, MA 01002 ",
Arlington Chamber of Commerce ,,www.arl.org,(781)643-4600, One Whittemore Park," Arlington, MA 02474 ",
Assabet Valley Chamber of Commerce ,,www.assabetvalleychamber.org,(978)568-0360, 18 Church St.," Hudson, MA 01749 ",
Babson College Chamber Of Commerce ,,,(781)738-6191, PO Box 1077," Babson Park, MA 02457 ",
Bedford Chamber of Commerce ,,,(781)275-8503, 12 Mudge Way," Bedford, MA 01730 ",3 / 5
Billerica Chamber of Commerce ,,www.billericachamber.com,(978)663-0036, 574 Boston Rd. 1," Billerica, MA 01821 ",
Brewster C Of C & Bd. Of Trade United ,,www.brewstercapecod.org,(508)896-3500, PO Box 1241," Brewster, MA 02631 ",
Brookline Chamber of Commerce ,,www.brooklinechamber.com,(617)739-1330, 1101 Beacon St.," Brookline, MA 02446 ",
Chamber of Commerce of East Boston ,,www.eastbostonchamber.com,(617)569-5000," 175 William F McClllan Hwy, Ste 1 "," Boston, MA 02128 ",
Chatham Chamber of Commerce ,,www.chathamcapecod.org,(508)430-7455, PO Box 793," Chatham, MA 02633 ",
Cohasset Chamber of Commerce ,,,(781)383-2200, 15 Depot Ct," Cohasset, MA 02025 ",
Concord Chamber of Commerce ,,www.concordchamberofcommerce.org,(978)369-3120," 15 Walden St, # 7 "," Concord, MA 01742 ",
Cranberry Country Chamber of Commerce ,,www.cranberrycountry.org,(508)947-1499, PO Box 409," Middleboro, MA 02346 ",
Dennis Chamber of Commerce ,,www.dennischamber.com,(508)398-3568, 242 Swan River Rd.," South Dennis, MA 02660 ",
Eastham Chamber of Commerce ,,www.easthamchamber.com,(508)240-7211," 1700 Route 6, PO Box 1329 "," Eastham, MA 02642 ",
Franklin County Chamber of Commerce ,,www.franklincc.org,(413)773-5463, 395 Main St.," Greenfield, MA 01301 ",
Greater Northampton Chamber of Commerce ,,northamptonchamber.com,(413)584-1900, 99 Pleasant St.," Northampton, MA 01060 ",
Hanover Chamber of Commerce ,,www.hanovermachamber.com,(781)826-8865, PO Box 68," Hanover, MA 02339 ",
Ipswich Chamber of Commerce ,,www.ipswichma.com,(978)356-2916, PO Box 94," Ipswich, MA 01938 ",
Italy-American Chamber Of Commerce And Tr ,,,(617)279-4228," One International Plaza, 7th Floor, Fort Hill Square "," Boston, MA 02110 ",
Lee Chamber of Commerce ,,www.leechamber.org,(413)243-0852, 3 Park Pl," Lee, MA 01238 ",
Malden Chamber of Commerce ,,www.maldenchamber.org,(781)322-4500," 200 Pleasant St, Malden Government Center Suite 416 "," Malden, MA 02148 ",
Marshfield Chamber of Commerce ,,www.marshfieldchamberofcommerce.com,(781)834-8911, 2021 Ocean St," Marshfield, MA 02050 ",
Martha's Vineyard Chamber of Commerce ,,www.mvy.com,(508)693-0085, Beach Rd.," Vineyard Haven, MA 02568 ",
Medford Chamber of Commerce ,,www.medfordchamberma.com,(781)396-1277, One Shipyard Way," Medford, MA 02155 ",
Melrose Chamber of Commerce ,,www.melrosechamber.org,(781)665-3033," One W Foster St., 5 "," Melrose, MA 02176 ",
North Quabbin Chamber of Commerce ,,www.northquabbinchamber.com,(978)249-3849, 427 Main St," Athol, MA 01331 ",
Norwell Chamber of Commerce ,,www.norwellma.com/chamber.htm,, PO Box 322," Norwell, MA 02061 ",
Provincetown Chamber of Commerce ,,www.ptownchamber.com,(508)487-3424, 307 Commerical St.," Provincetown, MA 02657 ",
Reading-North Reading Chamber of Commerce ,,www.readingnreadingchamber.org,(978)664-5060, PO Box 771," Reading, MA 01867 ",
Revere Chamber of Commerce ,,www.reverechamber.org,(781)289-8009, 108 Beach St," Revere, MA 02151 ",
Salisbury 'By the Sea' Chamber of Commerce ,,www.northshoreusa.com/salisbur,(978)465-3581," Town Hall, Beach Rd."," Salisbury, MA 01952 ",
Stockbridge Chamber of Commerce ,,www.stockbridgechamber.org,(413)298-5200," 6 Elm St., P.O. Box 224 "," Stockbridge, MA 01262 ",
Stoneham Chamber ofCommerce ,,www.stonehamchamber.org,(781)438-0001," 335 Main St, Suite 202 "," Stoneham, MA 02180 ",
Stoughton Chamber of Commerce ,,www.stoughtonma.com,(781)297-7450, PO Box 41," Stoughton, MA 02072 ",
Three Rivers Chamber of Commerce ,,,(413)283-7588," 2376 Main St., P.O. Box 147 "," Three Rivers, MA 01080 ",
Tri-town Chamber of Commerce ,,www.tri-townchamber.org,(508)339-5655," 280 School St, Building L100 "," Mansfield, MA 02048 ",
Truro Chamber of Commerce ,,www.trurochamberofcommerce.com,(508)487-1288, PO Box 26," North Truro, MA 02652 ",
Wachusett Area Chamber Of Commerce ,,www.holdenareachamber.org,(508)829-9220, 1174 Main St," Holden, MA 01520 ",
Wakefield Lynnfield Chamber of Commerce ,,www.wakefieldchamber.com,(781)245-0741, 5 Common St," Wakefield, MA 01880 ",
"Webster, Dudley, Oxford Chamber of Commerce ",,wdochamberma.com,(508)943-9700," 446 West Main St, Suite 200 "," Worcester, MA 01608 ",
Wellfleet Chamber of Commerce ,,www.wellfleetchamber.com,(508)349-2510, 1410 U.S 6," Wellfleet, MA 02667 ",
Wilmington Chamber of Commerce ,,www.wilmingtontewksburychamber.org,(978)657-7211, 226 Lowell St.," Wilmington, MA 01887 ",
Winchester Chamber of Commerce ,,www.winchesterchamber.com,(781)729-8870, 25 Waterfield Rd.," Winchester, MA 01890 ",
Winthrop Chamber ofCommerce ,,www.winthropchamber.com,(617)846-9898, 207 Hagman Rd.," Winthrop, MA 02152 ",
