Alpena Chamber of Commerce ,U.S. Chamber Member,www.alpenachamber.com/,(800)425-7362, 235 West Chisholm St," Alpena, MI 49707 ",
Ann Arbor Comprehensive Treatment Center ,U.S. Chamber Member,www.annarborctc.com/,(734)585-7970, 522 S Maple," Ann Arbor, MI 48103 ",
Auburn Hills Chamber of Commerce ,U.S. Chamber Member,www.auburnhillschamber.com,(248)853-7862, PO Box 214083," Auburn Hills, MI 48321 ",
Battle Creek Area Chamber of Commerce ,U.S. Chamber Member,www.battlecreek.org,(269)962-4076," 34 West Jackson St, One Riverwalk Centre "," Battle Creek, MI 49017 ",5 / 5
Bay Area Chamber of Commerce ,U.S. Chamber Member,www.baycityarea.com,(989)893-4567, 812 N Water St," Bay City, MI 48708 ",
Belleville Area Chamber of Commerce ,U.S. Chamber Member,www.bellevilleareachamber.org,(734)697-7151, 248 Main St," Belleville, MI 48111 ",
Birmingham-Bloomfield Chamber of Commerce ,U.S. Chamber Member,www.bbcc.com,(248)644-1700," 725 S Adams Rd, Ste 130 "," Birmingham, MI 48009 ",
Blue Water Area Chamber of Commerce ,U.S. Chamber Member,www.bluewaterchamber.com,(810)985-7101, 512 Mcmorran Blvd," Port Huron, MI 48060 ",
Boyne Area Chamber of Commerce ,U.S. Chamber Member,www.boynechamber.com,(231)582-6222, 28 S Lake St.," Boyne City, MI 49712 ",
Branch County Area Chamber of Commerce ,U.S. Chamber Member,www.branchareachamber.com,(517)278-5985, 20 Division St," Coldwater, MI 49036 ",
Byron Center Chamber Of Commerce ,U.S. Chamber Member,www.byroncenterchamber.org,(616)878-0108, 2496 84th St SW," Byron Center, MI 49315 ",
Charlevoix Area Chamber of Commerce ,U.S. Chamber Member,www.charlevoix.org,(231)547-2101, 109 Mason St," Charlevoix, MI 49720 ",
Dearborn Area Chamber of Commerce ,U.S. Chamber Member,www.dearbornchamber.org/,(313)584-6100, 22100 Michigan Ave," Dearborn, MI 48124 ",
Detroit Regional Chamber ,U.S. Chamber Member,www.detroitchamber.com/,(313)964-4000," One Woodward Ave, #1900, PO Box 33840 "," Detroit, MI 48232 ",
Fenton Area Chamber of Commerce ,U.S. Chamber Member,fentonchamber.com,(810)629-5447, 104 S Adelaide St," Fenton, MI 48430 ",
Flint & Genesee Chamber of Commerce ,U.S. Chamber Member,www.flintandgenesee.org/,(810)600-1404," 519 South Saginaw St, Suite 200 "," Flint, MI 48502 ",4 / 5
Frankenmuth Chamber of Commerce ,U.S. Chamber Member,www.frankenmuth.org,(989)652-6106, 635 South Main St," Frankenmuth, MI 48734 ",
Grand Rapids Area Chamber of Commerce ,U.S. Chamber Member,www.grandrapids.org,(616)771-0300," 250 Monroe Ave NW, Ste 150 "," Grand Rapids, MI 49503 ",
Greater Brighton Area Chamber of Commerce ,U.S. Chamber Member,www.brightoncoc.org,(810)227-5086, 218 East Grand River," Brighton, MI 48116 ",
Grosse Pointe Chamber of Commerce ,U.S. Chamber Member,www.grossepointechamber.com,(313)881-4722," 63 Kercheval, Suite 16 "," Grosse Pointe Farms, MI 48236 ",
Howell Area Chamber of Commerce ,U.S. Chamber Member,www.howell.org,(517)546-3920, 123 East Washington St," Howell, MI 48843 ",
Jackson County Chamber of Commerce ,U.S. Chamber Member,jacksonchamber.org,(517)782-8221, 134 W Michigan Ave," Jackson, MI 49201 ",
Lansing Regional Chamber of Commerce ,U.S. Chamber Member,www.lansingchamber.org,(517)487-6340," 500 E Michigan Ave, # 200"," Lansing, MI 48912 ",5 / 5
Mackinaw City Chamber of Tourism ,U.S. Chamber Member,www.mackinaw-city.com,(231)420-7044, PO Box 831," Mackinaw City, MI 49701 ",
Macomb County Chamber of Commerce ,U.S. Chamber Member,www.central-macomb.com,(586)493-7600," 28 First St, Suite B "," Mount Clemens, MI 48043 ",
Michigan Chamber of Commerce ,U.S. Chamber Member,www.michamber.com,(517)371-2100, 600 South Walnut St," Lansing, MI 48933 ",
Michigan West Coast Chamber of Commerce ,U.S. Chamber Member,www.westcoastchamber.org,(616)392-2389, 272 East 8th St," Holland, MI 49423 ",5 / 5
Midland Business Alliance ,U.S. Chamber Member,www.macc.org,(989)839-9901," 300 Rodd St, Suite 101 "," Midland, MI 48640 ",
Monroe County Chamber of Commerce ,U.S. Chamber Member,monroecountychamber.com,(734)384-3366, PO Box 626," Monroe, MI 48161 ",
Muskegon Lakeshore Chamber of Commerce ,U.S. Chamber Member,www.muskegon.org/home/index.php,(231)722-3751," 380 West Western Ave, Suite 202 "," Muskegon, MI 49440 ",
Northville Chamber of Commerce ,U.S. Chamber Member,www.northville.org,(248)349-7640, 195 S Main St.," Northville, MI 48167 ",
Petoskey Regional Chamber of Commerce ,U.S. Chamber Member,www.petoskey.com,(231)347-4150, 401 East Mitchell St," Petoskey, MI 49770 ",
Plymouth Community Chamber of Commerce ,U.S. Chamber Member,www.plymouthmich.org,(734)453-1540, 850 West Ann Arbor Trl," Plymouth, MI 48170 ",
Rochester Regional Chamber of Commerce ,U.S. Chamber Member,rrc-mi.com,(248)651-6700," 71 Walnut, Suite 110 "," Rochester, MI 48307 ",
Saginaw County Chamber of Commerce ,U.S. Chamber Member,www.saginawchamber.org,(989)752-7161," 515 North Washington Ave, 3rd Floor "," Saginaw, MI 48607 ",
Shiawassee Regional Chamber of Commerce ,U.S. Chamber Member,www.shiawasseechamber.org,(989)723-5149, 215 North Water St," Owosso, MI 48867 ",
Southern Wayne County Chamber of Commerce ,U.S. Chamber Member,www.swcrc.com,(734)284-6000, 20904 Northline Road," Taylor, MI 48180 ",
Southwest Michigan Regional Chamber ,U.S. Chamber Member,www.cornerstonechamber.com,(269)932-4042, 811 Ship Street Ste. 303," Saint Joseph, MI 49085 ",4 / 5
Sturgis Area Chamber of Commerce ,U.S. Chamber Member,www.sturgischamber.com,(269)651-5758, 306 W Chicago Rd," Sturgis, MI 49091 ",
"The Chamber of Grand Haven,Spring Lake &Ferrysburg ",U.S. Chamber Member,,(616)842-4910, One South Harbor Dr," Grand Haven, MI 49417 ",
West Branch Area Chamber of Commerce ,U.S. Chamber Member,www.wbacc.com,(989)345-2821, 422 West Houghton Ave.," West Branch, MI 48661 ",
Livonia Chamber of Commerce ,,www.livonia.org,(734)427-2122," 33300 5 Mile Rd, Ste 212 "," Livonia, MI 48154 ",
Allen Park Chamber of Commerce ,,www.allenparkchamber.org,(313)382-7303, 6543 Allen Road," Allen Park, MI 48101 ",
Ann Arbor/Ypsilanti Chamber of Commerce ,,www.a2ychamber.org,(734)665-4433," 2010 Hogback Rd, Ste 4 "," Ann Arbor, MI 48105 ",
Canton Chamber of Commerce ,,www.cantonchamber.com/,(734)453-4040, 45525 Hanford Rd," Canton, MI 48187 ",
Caro Chamber of Commerce ,,www.carochamber.org,(517)673-5211," 429 North State St, Suite 101 "," Caro, MI 48723 ",
Clinton County Chamber of Commerce ,,www.clintoncountychamber.org,(989)224-7248, PO Box 61," Saint Johns, MI 48879 ",
Coopersville Area Chamber of Commerce ,,www.coopersville.com,(616)997-5164, 289 Danforth," Coopersville, MI 49404 ",
Delta County Area Chamber of Commerce ,,www.deltami.org,(906)786-2192, 230 Ludington St," Escanaba, MI 49829 ",
Dickinson County Area Chamber of Commerce ,,www.dickinsonchamber.com,(906)774-2002, 600 South Stephenson Ave," Iron Mountain, MI 49801 ",
Four Flags Area Chamber of Commerce ,,www.nilesmi.com,(269)683-3720, PO Box 10," Niles, MI 49120 ",
Fremont Area Chamber of Commerce ,,www.fremontcommerce.com/,(231)924-0770, 7 East Main St," Fremont, MI 49412 ",
Grandville-Jenison Chamber of Commerce ,,www.grandjen.com,(616)531-8890," 2939 Wilson Ave, Suite 106 "," Grandville, MI 49418 ",
Gratiot Area Chamber of Commerce ,,www.gratiot.org/,989)463-5525, PO Box 516," Alma, MI 48801 ",
Greater Ishpeming Negaunee Chamber of Commerce ,,www@gnmcc.org,(906)486-1111, 910 US HWY 41 West," Ishpeming, MI 49849 ",
Greater Romeo-Washington Chamber of Commerce ,,rwchamber.com,(586)752-4436," 228 North Main, Suite D "," Romeo, MI 48065 ",
Greenville Chamber of Commerce ,,www.greenvillechamber.net,(616)754-5697, 210 South Lafayette," Greenville, MI 48838 ",4 / 5
Harbor Country Chamber of Commerce ,,www.harborcountry.org,(269)469-5409, 15311 Three Oaks Rd," Three Oaks, MI 49128 ",
Hillsdale County Chamber of Commerce ,,www.hillsdalecountychamber.com,(517)439-4341, 44 N Howell St," Hillsdale, MI 49242 ",
Kalamazoo Regional Chamber of Commerce ,,www.southwestmichiganfirst.com,(269)492-3676, PO Box 50827," Kalamazoo, MI 49005 ",
Keweenaw Peninsula Chamber of Commerce ,,www.keweenaw.org,(906)482-5240, 902 College Ave," Houghton, MI 49931 ",
Lake City Area Chamber of Commerce ,,www.lakecitymich.com,(231)839-4969, PO Drawer H," Lake City, MI 49651 ",
Lake Superior Community Partnership ,,www.marquette.org,(906)226-6591, 501 South Front St," Marquette, MI 49855 ",
Lapeer Area Chamber of Commerce ,,www.lapeerareachamber.org,(810)664-6641, 108 West Park St," Lapeer, MI 48446 ",
Lenawee Economic Development Corporation ,,www.theledc.org,(517)265-5141," 5285 West US-233, Suite A "," Adrian, MI 49221 ",
Ludington & Scottville Area Chamber of Commerce ,,www.ludington.org,(231)845-0324, 5300 West US Highway 10," Ludington, MI 49431 ",
Madison Heights-Hazel Park Chamber of Commerce ,,madisonheightschamber.com,(248)542-5010, 300 W 13 Mile Rd," Madison Heights, MI 48071 ",
Manistee Area Chamber of Commerce ,,www.manisteechamber.com,(231)723-2575, 11 Cypress St," Manistee, MI 49660 ",
Marshall Area Chamber of Commerce ,,www.marshallmi.org,(217)826-6330, 323 West Michigan Ave," Marshall, MI 49068 ",
Mt. Pleasant Area Chamber of Commerce ,,www.mt-pleasant.net,(989)772-2396," 113 West Broadway St, Suite 180 "," Mount Pleasant, MI 48858 ",
Novi Chamber of Commerce ,,www.novichamber.com,(248)349-3743," 41875 West 11 Mile Rd, Suite 201 "," Novi, MI 48375 ",
Oscoda-AuSable Chamber of Commerce ,,www.oscodachamber.com,(989)739-7322, 4440 North U.S 23," Oscoda, MI 48750 ",
Saline Area Chamber of Commerce ,,www.salinechamber.org,(734)429-4494," 141 East Michigan Ave, Suite B "," Saline, MI 48176 ",
Sault Area Chamber of Commerce ,,www.saultstemarie.org,(906)632-3301, 2581 I 75 Business Spur," Sault Sainte Marie, MI 49783 ",
South Haven Area Chamber of Commerce ,,www.southhavenmi.com,(269)637-5171, 606 Phillips St," South Haven, MI 49090 ",
St. Clair Chamber of Commerce ,,www.stclairchamber.com,(810)329-2962, PO Box 121," Saint Clair, MI 48079 ",
Tawas Area Chamber of Commerce ,,www.tawas.com,(989)362-8643, PO Box 608," Tawas City, MI 48764 ",
Three Rivers Area Chamber of Commerce ,,www.trchamber.com,(269)278-8193, 57 North Main St," Three Rivers, MI 49093 ",
Troy Chamber of Commerce ,,www.troychamber.com,(248)641-8151," 2125 Butterfield, Suite 100N "," Troy, MI 48084 ",
Westland Chamber of Commerce ,,www.westlandchamber.com/,(734)326-7222, 36900 Ford Rd," Westland, MI 48185 ",
White Lake Area Chamber of Commerce ,,www.whitelake.org,(231)893-4585, Hanson St," Whitehall, MI 49461 ",
Wyoming-Kentwood Area Chamber of Commerce ,,www.southkent.org,(616)531-5990, 4415 Byron Center Road SW," Wyoming, MI 49509 ",
Yemeni American Chamber of Commerce ,,www.yachamber.org,(313)759-7594," 1 ParkLane Blvd, #279, Suite E 830 "," Dearborn, MI 48126 ",
Adrian Area Chamber of Commerce ,,www.adrianareachamber.com,(517)265-2320," 139 E Maumee St, Ste 15 "," Adrian, MI 49221 ",
Alger Chamber of Commerce ,,www.algercounty.org,(906)387-2138," 501 E M-28, P.O. Box 405 "," Munising, MI 49862 ",
Allegan Area Chamber of Commerce ,,alleganchamber.org,(269)673-2479, 223 Hubbard St.," Allegan, MI 49010 ",
Allendale Area Chamber of Commerce ,,www.allendalechamber.org,(616)895-9444, PO Box 539," Allendale, MI 49401 ",
American Arab Chamber Of Commerce ,,,(313)945-1700," 12740 West Warren St, Suite 101 "," Dearborn, MI 48126 ",
Anchor Bay Chamber of Commerce ,,www.suscc.com,(586)725-5148," 51180 Bedford St, 110 "," New Baltimore, MI 48047 ",
Atlanta Area Chamber of Commerce ,,www.atlantamichigan.com,(989)785-3400, PO Box 410," Atlanta, MI 49709 ",
Au Gres Chamber of Commerce ,,,(989)876-6688, PO Box 455," Au Gres, MI 48703 ",
Auburn Area Chamberof Commerce ,,,(989)662-4001, PO Box 215," Auburn, MI 48611 ",
Bad Axe Chamber of Commerce ,,www.badaxechamber.com,(989)269-6936, PO Box 87," Bad Axe, MI 48413 ",
Baraga County Chamber of Commerce ,,www.baragacountycc.org,(906)353-8808," PO Box 122, 2 E. Broad Street "," L'Anse, MI 49946 ",
Beaver Island Chamber of Commerce ,,www.beaverisland.org,(231)448-2505, PO Box 5," Beaver Island, MI 49782 ",
Belding Area Chamber of Commerce ,,,(616)794-2210, 120 Covered Vlg," Belding, MI 48809 ",
Bellaire Area Chamber of Commerce ,,,, PO Box 205," Bellaire, MI 49615 ",
Benzie County Chamber of Commerce ,,www.benzie.org,(231)882-5801, 826 Michigan Ave.," Benzonia, MI 49616 ",
Berrien Springs-EauClaire Chamber of Commerce ,,,(616)461-3371, PO Box 428," Benton Harbor, MI 49023 ",
Birch Run Area Chamber of Commerce ,,www.birchrunchamber.com,(989)624-9193," 8070 Main St., P.O. Box 153 "," Birch Run, MI 48415 ",
Birch Run Bridgeport Chamber of Commerce ,,bridgeportchambermi.org,(989)624-9193," 7971 Main St, Suite #4 "," Birch Run, MI 48415 ",
Blissfield Area Chamber of Commerce ,,www.blissfield.net,(517)486-3642, PO Box 25," Blissfield, MI 49228 ",
Bridgeport Area Chamber of Commerce ,,,(989)777-6041, 6222 Dixie Highway," Bridgeport, MI 48722 ",
Brooklyn-Irish Hills Chamber of Commerce ,,www.brooklynmi.com/,(517)592-8907," 221 N Main St., P.O. Box 805 "," Brooklyn, MI 49230 ",
Buchanan Area Chamber of Commerce ,,www.buchanan.mi.us,(269)695-3291," 324 E Dewey St, Suite 109 "," Buchanan, MI 49107 ",
Capac Area Chamber of Commerce ,,,(810)395-4359, PO Box 520," Capac, MI 48014 ",
Caseville Area Chamber of Commerce ,,www.casevillechamber.com,(989)856-3818, PO Box 122," Caseville, MI 48725 ",
Cass City Chamber of Commerce ,,travel.to/casscitymi,(989)872-4618, 6506 Main St.," Cass City, MI 48726 ",
Cedar Springs Area Chamber of Commerce ,,,(616)696-3260," 34 S Main, P.O. Box 415 "," Cedar Springs, MI 49319 ",
Central Lake Area Chamber of Commerce ,,www.central-lake.com,(231)544-3322," PO Box 428, 2587 N. M88 Hwy "," Central Lake, MI 49622 ",
Chamber of Commerce For Oscoda County ,,www.oscodacountymi.org,(989)826-3331, PO Box 670," Mio, MI 48647 ",
Charlotte Chamber of Commerce ,,www.charlotte-mi.com,(517)543-0400, 126 Bostwick Street North," Charlotte, MI 48813 ",
Cheboygan Area Chamber of Commerce ,,www.cheboygan.com,(231)627-7183, 124 N Main St.," Cheboygan, MI 49721 ",
Chelsea Area Chamber of Commerce ,,www.chelseaweb.com,(734)475-1145, 222 South Main St," Chelsea, MI 48118 ",
Chesaning Chamber of Commerce ,,www.chesaningchamber.org,(989)845-3055," 218 N Front St., #B, P.O. Box 83 "," Chesaning, MI 48616 ",
Clare Area Chamber of Commerce ,,www.claremichigan.com,(989)386-2442, 429 N Mcewan," Clare, MI 48617 ",
Clarkston Area Chamber of Commerce ,,www.clarkston.org,(248)625-8055, 5856 S Main St.," Clarkston, MI 48346 ",
Clawson Chamber of Commerce ,,www.clawsonchamber.com,(248)435-6500," 425 N Main St., P.O. Box 217 "," Clawson, MI 48017 ",
Clio Area Chamber of Commerce ,,www.cliochamberofcommerce.com/,(810)686-4480, 192 W Vienna St," Clio, MI 48420 ",
Coloma Area Chamber of Commerce ,,www.chamber-of-commerce-mi.org,(269)468-4430, PO Box 1028," Coloma, MI 49038 ",
Council of State Chambers of Commerce ,,,(517)371-2100," C/O Michigan Chamber Of Commer, 600 S. Walnut St. "," Lansing, MI 48933 ",
Curtis Area Chamber of Commerce ,,www.curtischamber.com,(906)586-3700, PO Box 477," Curtis, MI 49820 ",
Davison Area Chamber of Commerce ,,www.davisonchamberofcommerce.com,(810)653-6266, 105 E 2nd St.," Davison, MI 48423 ",
Dearborn Heights Chamber of Commerce ,,www.dearbornareachamber.org,(313)274-7480, 24624 W Warren Ave.," Dearborn Heights, MI 48127 ",
Dexter Area Chamber of Commerce ,,www.dexterchamber.org,(734)426-0887, 8005 Main St.," Dexter, MI 48130 ",
East Jordan Area Chamber of Commerce ,,www.eastjordanchamberofcommerc,(231)536-7351, 118 N Lake St.," East Jordan, MI 49727 ",
Eastpointe Chamber of Commerce ,,,(586)776-5520, 21238 Gratiot Ave.," Eastpointe, MI 48021 ",
Eastpointe-Roseville Chamber of Commerce ,,www.epchamber.com,(586)776-5520, 23320 Gratiot Ave," Eastpointe, MI 48021 ",
Eaton Rapids Area Chamber of Commerce ,,www.eatonrapidschamber.com,(517)663-6480, PO Box 420," Eaton Rapids, MI 48827 ",
Edwardsburg Area Chamber of Commerce ,,,(574)343-3721," 26225 US-12, PO Box 575 "," Edwardsburg, MI 49112 ",
Elk Rapids Chamber of Commerce ,,www.elkrapidschamber.org,(231)264-8202, 305 Us 31 N," Elk Rapids, MI 49629 ",
Evart Area Chamber of Commerce ,,www.evartchamberofcommerce.com/,(231)734-9799," 940 West 7th Street (US-10), P.O. Box 688 "," Evart, MI 49631 ",
Farwell Area Chamber of Commerce ,,www.farwellareachamber.com,(989)588-0580, PO Box 771," Farwell, MI 48622 ",
Ferndale Area Chamber of Commerce ,,,(248)542-2160," 1938 Burdette St, Suite 112 "," Ferndale, MI 48220 ",
Fife Lake Chamber of Commerce ,,www.fifelake.com/chamber,, PO Box 59," Fife Lake, MI 49633 ",
Fife Lake/Forest Area Chamber of Commerce ,,www.fifelakechamber.org,, PO Box 254," Fife Lake, MI 49633 ",
Flushing Area Chamber of Commerce ,,www.flushingchamber.com,(810)659-4141, 133 E Main St," Flushing, MI 48433 ",
Frankfort-Elberta Area Chamber of Commerce ,,www.frankfort-elberta.com,(231)352-7251," 400 Main St., P.O. Box 566 "," Frankfort, MI 49635 ",
Freeland Area Chamber of Commerce ,,,(989)695-6620, PO Box 217," Freeland, MI 48623 ",
Garden City Chamber of Commerce ,,www.gardencity.org,(734)422-4448," 30120 Ford Rd, #D"," Garden City, MI 48135 ",
Gaylord Chamber of Commerce ,,www.gaylord.govoffice.com,(507)237-5869, 125 East Main St," Gaylord, MI 49735 ",
Gaylord/Otsego County Chamber of Commerce ,,www.gaylordchamber.com,(989)732-6333, 101 W Main St.," Gaylord, MI 49735 ",
Gladwin County Chamber of Commerce ,,,(989)426-5451, 608 W Cedar Ave.," Gladwin, MI 48624 ",
Glen Lake/Sleeping Bear Area Chamber ofCommerce ,,,(231)334-3238," 6394 Western Ave., P.O. Box 217 "," Glen Arbor, MI 49636 ",
Grand Blanc Chamberof Commerce ,,www.grandblancchamber.org,(810)695-4222, 512 E Grand Blanc Rd.," Grand Blanc, MI 48439 ",
Grand Ledge Area Chamber of Commerce ,,www.grandledgemi.com,(517)627-2383, 121 S Bridge St.," Grand Ledge, MI 48837 ",
Grand Marais Chamber of Commerce ,,www.grandmaraismichigan.com,(906)494-2447," PO Box 139, P.O. Box 1048 "," Grand Marais, MI 49839 ",
Grayling Regional Chamber of Commerce ,,,(989)348-2921, 213 N James St. PO Box 406," Grayling, MI 49738 ",
Greater Albion Chamber of Commerce ,,www.chamber.albionmi.net,(517)629-5533, 416 S Superior St.," Albion, MI 49224 ",
Greater Algonac Chamber of Commerce ,,www.algonacchamber.com,(810)794-5511, 1396 St. Clair River Dr.," Algonac, MI 48001 ",
Greater Berkley Chamber of Commerce ,,,(248)414-9157, PO Box 1253," Berkley, MI 48072 ",
Greater Croswell-Lexington Chamber of Commerce ,,www.cros-lex-chamber.com,(810)359-2262, PO Box 142," Lexington, MI 48450 ",
Greater Decatur Chamber of Commerce ,,www.decaturmi.org,(616)423-7014, 114 North Phelps," Decatur, MI 49045 ",4 / 5
Greater Dowagiac Chamber of Commerce ,,,(269)782-8212, 200 Depot Dr.," Dowagiac, MI 49047 ",
Greater Durand Area Chamber of Commerce ,,www.durandchamber.com,(989)288-3715, 109 N Saginaw St.," Durand, MI 48429 ",
Greater Farmington Area Chamber of Commerce ,,www.gfachamber.com,(248)919-6917," 32780 Grand River Ave, Suite #207A "," Farmington, MI 48335 ",
Greater Ortonville Chamber of Commerce ,,,(248)627-5414, PO Box 152," Ortonville, MI 48462 ",
Greater Paw Paw Chamber of Commerce ,,www.pawpawmi.com,(616)657-5395, PO Box 105," Paw Paw, MI 49079 ",
Greater Pontiac Area Chamber of Commerce ,,www.pontiacchamber.com,(248)335-9600," 30 N Saginaw, 404 "," Pontiac, MI 48342 ",
Greater Port Huron Area Chamber of Commerce ,,www.porthuron-chamber.org,(810)985-7101, 920 Pine Grove Ave.," Port Huron, MI 48060 ",
Greater Romulus Chamber of Commerce ,,romuluschamber.org/,(734)326-4290, 9191 Wickham," Romulus, MI 48174 ",
Greater Royal Oak Chamber of Commerce ,,www.virtualroyaloak.com,(248)547-4000, 200 S Washington Ave.," Royal Oak, MI 48067 ",
Greenbush Chamber of Commerce ,,,(989)739-7635, 4115 S U.S 23," Greenbush, MI 48738 ",
Gun Lake Area Chamber of Commerce ,,,(269)792-4396, 2491 S Patterson Rd.," Wayland, MI 49348 ",
Gwinn-Sawyer Area Chamber of Commerce ,,www.gwinnmi.com,(906)360-9187, 248 Wellington Dr.," Gwinn, MI 49841 ",
Harbor Beach Chamber of Commerce ,,www.harborbeachchamber.com,(989)479-6477, PO Box 143," Harbor Beach, MI 48441 ",
Harrison Area Chamber of Commerce ,,www.harrisonchamber.com,(989)539-6011," 809 N 1st St, P.O. Box 682 "," Harrison, MI 48625 ",
Hartland Area Chamber of Commerce ,,www.hartlandchamber.org,(810)632-9130, 9525 E Highland Rd," Howell, MI 48843 ",
Heart Of Montcalm Chamber of Commerce ,,www.heartofmontcalmchamber.com,, PO Box 792," Stanton, MI 48888 ",
Higgins Lake-Roscommon Chamber of Commerce ,,www.hlrcc.com,(989)275-8760," 701 Lake St., P.O. Box 486 "," Roscommon, MI 48653 ",
Hillman Area Chamber of Commerce ,,,(989)742-3739, PO Box 506," Hillman, MI 49746 ",
Holly Area Chamber of Commerce ,,www.hollychamber.com,(248)215-7099, 300 East St," Holly, MI 48442 ",
Houghton Lake Chamber of Commerce ,,www.houghtonlakechamber.net,(989)366-5644, 1625 W Houghton Lake Dr.," Houghton Lake, MI 48629 ",
Hudson Area Chamberof Commerce ,,,(517)448-8490, PO Box 45," Hudson, MI 49247 ",
Hudsonville Area Chamber of Commerce ,,,(616)662-0900, PO Box 216," Hudsonville, MI 49426 ",
Huron Shores Chamber of Commerce ,,,(989)724-5107, PO Box 581," Harrisville, MI 48740 ",
Huron Township Chamber of Commerce ,,www.hurontwpchmbrcomm.50megs.com,(734)753-4220," 19132 Huron River Dr., P.O. Box 247 "," New Boston, MI 48164 ",
Huron Valley Chamber of Commerce ,,www.huronvcc.com,(248)685-7129, 317 Union St.," Milford, MI 48381 ",
Imlay City Area Chamber of Commerce ,,www.villageprofile.com,(810)724-1361, 395 E Third St," Imlay City, MI 48444 ",
Indian River ResortReg. Chamber of Commerce ,,www.irchamber.com,(231)238-9325," 3435 Straits Hwy., P.O. Box 57 "," Indian River, MI 49749 ",
Interlochen Area Chamber of Commerce ,,www.interlochenchamber.org,(231)276-7141, PO Box 13," Interlochen, MI 49643 ",
Ionia Area Chamber of Commerce ,,www.ioniachamber.org,(616)527-2560, 439 W Main St.," Ionia, MI 48846 ",
Iron County Chamber of Commerce ,,www.tryiron.org,(906)265-3822, 50 E Genesee St.," Iron River, MI 49935 ",
Ironwood Area Chamber of Commerce ,,www.ironwoodchamber.org,(906)932-1122, 150 N Lowell St," Ironwood, MI 49938 ",
Jenison Area Chamber of Commerce ,,,(616)457-2340, PO Box 405," Jenison, MI 49429 ",
Kalkaska Area Chamber of Commerce ,,www.kalkaskami.com,(231)258-9103, 353 S Cedar St.," Kalkaska, MI 49646 ",
Lake County Chamber of Commerce & Tourist Center ,,www.lakecountymichigan.com,, 911 Michigan Avenue," Baldwin, MI 49304 ",
Lake Gogebic Area Chamber of Commerce ,,www.lakegogebic.com,(906)842-3611, PO Box 114," Bergland, MI 49910 ",
Lakes Area Chamber of Commerce ,,www.lakesareachamber.com,(248)624-2826," 305 N Pontiac Trl, Suite A "," Walled Lake, MI 48390 ",
Lakeshore Chamber of Commerce ,,www.lakeshorechamber.org,(269)429-1170, 4290 Red Arrow Hwy," Stevensville, MI 49127 ",
Lakeview Chamber ofCommerce ,,,(989)352-1200, PO Box 57," Lakeview, MI 48850 ",
Lakewood Area Chamber of Commerce ,,www.yesmichigan.com/lakeodessa,(616)374-0766, Page Memorial Bldg.," Lake Odessa, MI 48849 ",
Leelanau Peninsula Chamber of Commerce ,,www.leelanauchamber.com,(231)271-9895, 5046 S West Bayshore Dr.," Suttons Bay, MI 49682 ",
LeRoy Chamber of Commerce ,,www.leroymi.com,(231)768-4558, 1760 N Mackinaw Trail," Leroy, MI 49655 ",
Les Cheneaux Islands Chamber of Commerce ,,,(906)484-3935, PO Box 10," Cedarville, MI 49719 ",
Leslie Area Chamberof Commerce ,,,(517)589-8222, PO Box 214," Leslie, MI 49251 ",
Lewiston Area Chamber of Commerce ,,lewistonchamber.com,(989)786-2293," 2946 Kneeland St., P.O. Box 656 "," Lewiston, MI 49756 ",
Lincoln Park Chamber of Commerce ,,,(313)386-0140," 1650 Champaign Rd, P.O. Box 382 "," Lincoln Park, MI 48146 ",
Litchfield Chamber of Commerce ,,,(517)542-2921, PO Box 236," Litchfield, MI 49252 ",
Lowell Area Chamber of Commerce ,,www.lowellchamber.org,(616)897-9161," 113 Riverwalk Plaza, P.O. Box 224 "," Lowell, MI 49331 ",
Ludington & Scottville Area Chamber of Commerce ,,www.ludington.org,(231)845-0324, 5300 U.S 10," Ludington, MI 49431 ",
Mackinac Island Chamber of Commerce ,,www.mackinacisland.org,(906)847-6418, Main St.," Mackinac Island, MI 49757 ",
Mancelona Area Chamber of Commerce ,,www.mancelonachamber.org/,(231)587-5500," 9592 Front St., P.O. Box 558 "," Mancelona, MI 49659 ",
Manchester Area Chamber of Commerce ,,,(248)605-0626, PO Box 521," Manchester, MI 48158 ",
Manton Chamber of Commerce ,,www.mantonmichigan.org,(231)824-4158, PO Box 313," Manton, MI 49663 ",
Marine City Area Chamber of Commerce ,,www.marinecitychamber.org,(810)765-4501, 480 South Water St," Marine City, MI 48039 ",
Marion Area Chamber of Commerce ,,,(231)743-2461, PO Box 294," Marion, MI 49665 ",5 / 5
Marlette Area Chamber of Commerce ,,,(989)635-7448, 6436 Morris St," Marlette, MI 48453 ",
Mason Area Chamber of Commerce ,,www.masonchamber.org,(517)676-1046, 148 E Ash St.," Mason, MI 48854 ",
McBain Area Chamberof Commerce ,,,(231)825-2893, PO Box 203," McBain, MI 49657 ",
Metamora Chamber of Commerce ,,www.metamorachamber.org,(810)678-6222, PO Box 16," Metamora, MI 48455 ",
Milan Area Chamber of Commerce ,,,(734)439-7932, PO Box 164," Milan, MI 48160 ",
Napoleon Chamber ofCommerce ,,,(517)536-0547, PO Box 224," Napoleon, MI 49261 ",
Newberry Area Chamber of Commerce ,,www.newberrymi.net,(906)293-5562," M-28 & M-123, P.O. Box 308 "," Newberry, MI 49868 ",
Onaway Area Chamberof Commerce ,,www.onawaycommunitychamber.com,(989)733-2874," 20597 State St., P.O. Box 100 "," Onaway, MI 49765 ",
Ontonagon County Chamber of Commerce ,,www.ontonagonmi.com,(906)884-4735, PO Box 266," Ontonagon, MI 49953 ",
Orion Area Chamber of Commerce ,,www.locin.org/orion/,(248)693-6300, 455 E Scripps Rd.," Lake Orion, MI 48360 ",
Otsego Plainwell Area Chamber of Commerce ,,otsegochamber.org,(269)694-6880, 135 E Allegan St.," Otsego, MI 49078 ",
Oxford Area Chamberof Commerce ,,www.oxfordnow.com,(248)628-0410, PO Box 142," Oxford, MI 48371 ",
Panhandle Chamber of Commerce ,,www.panhandlechamber.com,(231)937-5681, PO Box 474," Howard City, MI 49329 ",
Paradise Chamber ofCommerce ,,www.paradisemichigan.org,(906)492-3219, PO Box 82," Paradise, MI 49768 ",
Pentwater Area Chamber of Commerce ,,www.pentwater.org,(231)869-4150, PO Box 614," Pentwater, MI 49449 ",
Perry/morrice Area Chamber of Commerce ,,www.perry.mi.us,, PO Box 803," Perry, MI 48872 ",
Pigeon Chamber of Commerce ,,www.pigeonchamber.com,(989)453-7400, PO Box 618," Pigeon, MI 48755 ",
Plainwell Chamber of Commerce ,,www.plainwellchamber.org,(269)685-8877, 3257 44th St," Hamilton, MI 49419 ",
Port Austin Chamberof Commerce ,,www.portaustinarea.com,(989)738-7600," 2 W Spring St., P.O. Box 274 "," Port Austin, MI 48467 ",
Portland Area Chamber of Commerce ,,www.portlandareachamber.com,(517)647-2100, PO Box 303," Portland, MI 48875 ",
Potterville Area Chamber of Businesses ,,,(517)645-2313, PO Box 76," Potterville, MI 48876 ",
Ravenna Chamber of Commerce ,,,(231)853-2875, PO Box 332," Ravenna, MI 49451 ",
Redford Township Chamber of Commerce ,,redfordchamber.org,(313)535-0960, 26050 Five Mile," Redford, MI 48239 ",
Reed City Area Chamber of Commerce ,,,(231)832-5431," 4918 N Park St., P.O. Box 27 "," Reed City, MI 49677 ",
Reese Area Chamber of Commerce ,,,(989)868-3114, PO Box 113," Reese, MI 48757 ",
Richmond Area Chamber of Commerce ,,,(586)727-3266, PO Box 323," Richmond, MI 48062 ",
River Country Chamber of Commerce ,,www.rivercountrychamber.com,(231)652-3068, 28 State Road," Newaygo, MI 49337 ",
Rockford Area Chamber of Commerce ,,www.rockfordmichamber.com,(616)866-2000," 12 Squires St., P.O. Box 520 "," Rockford, MI 49341 ",
Rogers City Area Chamber of Commerce ,,,(989)734-2535, 292 South Bradley Hwy.," Rogers City, MI 49779 ",
Rose City-Lupton Area Chamber of Commerce ,,,(989)685-2936, PO Box 144," Rose City, MI 48654 ",
Saint Charles Area Chamber of Commerce ,,,(989)865-8635," 115 S Saginaw, 1 "," Saint Charles, MI 48655 ",
Saint Helen Chamberof Commerce ,,,, PO Box 642," Saint Helen, MI 48656 ",
Sandusky Chamber of Commerce ,,www.ci.sandusky.mi.us,(810)648-4445, 26 W Speaker St," Sandusky, MI 48471 ",
Sanford Area Chamber of Commerce ,,,(989)687-2800, PO Box 98," Sanford, MI 48657 ",
Saugatuck/Douglas Chamber of Commerce &CVB ,,www.saugatuck.com,(616)857-1701, PO Box 28," Saugatuck, MI 49453 ",
Schoolcraft Tourism & Commerce ,,www.schoolcraftcountychamber.org,(906)341-5010, 1000 West Lakeshore Dr.," Manistique, MI 49854 ",
Sebewaing Chamber of Commerce ,,,(989)883-2150, PO Box 622," Sebewaing, MI 48759 ",
Shepherd Area Chamber of Commerce ,,villageofshepherd.org/?fbclid=IwAR3g7rxgYkw2yN4Ryl7Q5B89dao-T0rnUSmypolA6K3qtLrl8BQxkT4Fwyw,(989)828-6104, PO Box 111," Shepherd, MI 48883 ",
Silver Lake Sand Dunes Area Chamber of Commerce ,,www.discoveroceana.com,(231)873-2247, 2388 N Comfort Dr," Hart, MI 49420 ",
Skidway Lake Area Chamber of Commerce ,,,(989)873-4150, PO Box 4041," Prescott, MI 48756 ",
South Lyon Area Chamber of Commerce ,,www.southlyonchamber.com,(248)437-3257, 127 N Lafayette," South Lyon, MI 48178 ",
Southfield Area Chamber of Commerce ,,www.southfieldchamber.com,(248)557-6661," 20300 Civic Center Dr., Suite 1102 "," Southfield, MI 48076 ",
Southwest Michigan Regional Chamber ,,,(616)915-2580," 811 Ship Street, Ste 303"," Saint Joseph, MI 49085 ",4 / 5
Sparta Chamber of Commerce ,,www.spartachamber.com,(616)887-2454, 156 E Division St," Sparta, MI 49345 ",
St. Clair Chamber of Commerce ,,,(810)329-2962, 201 North Riverside Ave," Saint Clair, MI 48079 ",
St. Ignace Chamber of Commerce ,,www.stignace.com,(906)643-8717, 560 N State St.," Saint Ignace, MI 49781 ",
Standish Area Chamber of Commerce ,,www.standishchamber.com,(989)846-7867, 108 E Cedar St," Standish, MI 48658 ",
Suttons Bay Chamberof Commerce ,,,(231)271-4444, PO Box 46," Suttons Bay, MI 49682 ",
Tecumseh Area Chamber of Commerce ,,www.tecumsehchamber.org,(517)423-3740, 132 W Chicago Blvd," Tecumseh, MI 49286 ",
Trufant Area Chamber of Commerce ,,,(616)984-2555, PO Box 129," Trufant, MI 49347 ",
Vassar Chamber of Commerce ,,,(989)823-2601," 116 N Main St., P.O. Box 126 "," Vassar, MI 48768 ",
Wakefield Chamber of Commerce ,,www.visitwakefield.com,(906)224-2222, PO Box 93," Wakefield, MI 49968 ",
Waterford Chamber of Commerce ,,www.waterfordchamber.org,(248)666-8600, 2309 Airport Road," Waterford, MI 48327 ",
Wayland Area Chamber of Commerce ,,www.waylandchamber.org,(269)792-9246," 117 S Main St, Suite 6 "," Wayland, MI 49348 ",
Wayne Chamber of Commerce ,,,(734)721-0100, 35122 W Michigan Ave," Wayne, MI 48184 ",
West Bloomfield Chamber of Commerce ,,,(248)626-3636," 5745 West Maple Rd, 206 "," West Bloomfield, MI 48322 ",
West Michigan Blue Star Chamber of Commerce ,,www.greaterfennville.com,(269)561-8321, PO Box 484," Fennville, MI 49408 ",
Whittemore Area Chamber of Commerce ,,,, 405 E Sherman St," Whittemore, MI 48770 ",
Williamston Area Chamber of Commerce ,,www.williamston.org,(517)655-1549, 369 W Grand River Avenue," Williamston, MI 48895 ",
Yale Area Chamber of Commerce ,,www.yalechamber.com,(810)387-9253, 102 S Main St.," Yale, MI 48097 ",
Ypsilanti Area Chamber of Commerce ,,www.ypsichamber.org,(734)482-4920," 115 W Huron St, #3 "," Ann Arbor, MI 48104 ",
