Barton County Chamber of Commerce ,U.S. Chamber Member,www.bartoncounty.com,(417)682-3595, 110 West 10th St," Lamar, MO 64759 ",
Blue Springs Chamber of Commerce ,U.S. Chamber Member,www.bluespringschamber.com,(816)229-8558, 1000 West Main St," Blue Springs, MO 64015 ",
Cape Girardeau Area Chamber of Commerce ,U.S. Chamber Member,www.capechamber.com,(573)335-3312, 220 N Fountain St," Cape Girardeau, MO 63701 ",
Carthage Chamber of Commerce ,U.S. Chamber Member,www.carthagechamber.com,(417)358-2373, 402 S Garrison Ave," Carthage, MO 64836 ",
Chesterfield Chamber of Commerce ,U.S. Chamber Member,www.chesterfieldmochamber.com,(636)532-3399, 101 Chesterfield Business Pkwy," Chesterfield, MO 63005 ",
Chillicothe Area Chamber of Commerce ,U.S. Chamber Member,www.chillicothemo.com,(660)646-4050, 514 Washington St," Chillicothe, MO 64601 ",
Columbia Chamber of Commerce ,U.S. Chamber Member,www.columbiamochamber.com,(573)874-1132, 300 South Providence Rd," Columbia, MO 65205 ",5 / 5
Grandview Chamber of Commerce ,U.S. Chamber Member,www.grandview.org,(816)761-6505, 12500 S 71 Hwy," Grandview, MO 64030 ",
Greater Kansas City Chamber of Commerce ,U.S. Chamber Member,,(816)221-2424," 30 W Pershing Rd, Ste 301 "," Kansas City, MO 64108 ",
Greater Maryville Chamber of Commerce ,U.S. Chamber Member,www.maryvillechamber.com,(660)582-8643, 408 N Market St," Maryville, MO 64468 ",
Greater Poplar Bluff Area Chamber of Commerce ,U.S. Chamber Member,www.poplarbluffchamber.org/,(573)785-7761, 1111 West Pine St," Poplar Bluff, MO 63901 ",
Greater Warrensburg Chamber of Commerce ,U.S. Chamber Member,www.warrensburg.org,(660)747-3168, 100 South Holden St," Warrensburg, MO 64093 ",
Greater West Plains Area Chamber of Commerce ,U.S. Chamber Member,www.wpchamber.com/,(417)256-4433, 401 Jefferson Ave," West Plains, MO 65775 ",
Hannibal Area Chamber of Commerce ,U.S. Chamber Member,www.hannibalchamber.org,(573)221-1101, PO Box 230," Hannibal, MO 63401 ",
Jefferson City Area Chamber of Commerce ,U.S. Chamber Member,www.jcchamber.org/,(573)634-3616, 213 Adams St," Jefferson City, MO 65101 ",
Joplin Area Chamber of Commerce ,U.S. Chamber Member,www.joplincc.com,(417)624-4150, 320 East 4th St," Joplin, MO 64801 ",5 / 5
Lake Area Chamber of Commerce ,U.S. Chamber Member,www.lakeareachamber.com,(573)964-1008," PO Box 1570, Attn: Accounts Receivable "," Lake Ozark, MO 65049 ",
Lake of the Ozarks West Chamber of Commerce ,U.S. Chamber Member,lakewestchamber.com,(573)374-5500, 125 Oddo Dr," Sunrise Beach, MO 65079 ",
Lebanon Area Chamber of Commerce ,U.S. Chamber Member,www.lebanonmissouri.com,(417)588-3256, 186 N Adams," Lebanon, MO 65536 ",
Lee's Summit Chamber of Commerce ,U.S. Chamber Member,www.lschamber.com,(816)524-2424, 220 S E Main," Lee's Summit, MO 64063 ",5 / 5
Liberty Area Chamber of Commerce ,U.S. Chamber Member,www.libertychamber.com,(816)781-5200," 1170 West Kansas St, Suite H "," Liberty, MO 64068 ",
Marshall Chamber of Commerce ,U.S. Chamber Member,www.marshallchamber.com,(660)886-3324," 214 N Lafayette Ave, Ste C "," Marshall, MO 65340 ",
Missouri Chamber of Commerce and Industry ,U.S. Chamber Member,www.mochamber.com,(573)634-3511, PO Box 149," Jefferson City, MO 65102 ",
Neosho Area Chamber of Commerce ,U.S. Chamber Member,www.neoshocc.com,(417)451-1925, PO Box 605," Neosho, MO 64850 ",
Nixa Area Chamber of Commerce ,U.S. Chamber Member,www.nixachamber.com,(417)725-1545," 106 W Sherman Way, Suite 6 "," Nixa, MO 65714 ",
Northland Regional Chamber of Commerce ,U.S. Chamber Member,www.northlandchamber.com/,(816)455-9911, 634 NW Englewood Rd," Kansas City, MO 64118 ",
O'Fallon Chamber of Commerce and Industries ,U.S. Chamber Member,www.ofallonmochamber.com,(636)240-1818, 2145 Bryan Valley Commercial Dr," O'Fallon, MO 63366 ",
Perryville Chamber of Commerce ,U.S. Chamber Member,www.perryvillemo.com,(573)547-6062, 2 West Ste. Maries St," Perryville, MO 63775 ",
Rolla Area Chamber of Commerce ,U.S. Chamber Member,www.rollachamber.org,(573)364-3577, 1311 Kingshighway," Rolla, MO 65401 ",
Sikeston Regional Chamber & Area Econ Dev Corp ,U.S. Chamber Member,www.sikeston.net,(573)471-2498, 128 North New Madrid St," Sikeston, MO 63801 ",
Springfield Area Chamber of Commerce ,U.S. Chamber Member,www.springfieldchamber.com,(417)862-5567, PO Box 1687," Springfield, MO 65801 ",
St. Joseph Chamber of Commerce ,U.S. Chamber Member,www.saintjoseph.com,(816)232-4461, 3003 Frederick Ave," Saint Joseph, MO 64506 ",5 / 5
St. Louis Regional Chamber ,U.S. Chamber Member,www.stlregionalchamber.com,(314)444-1101," One Metropolitan Sq, Suite 1300 "," Saint Louis, MO 63102 ",
Table Rock Lake Chamber of Commerce ,U.S. Chamber Member,www.visittablerocklake.org,(417)739-2564, PO Box 495," Kimberling City, MO 65686 ",
Troy Area Chamber of Commerce/CVB ,U.S. Chamber Member,www.troyonthemove.com,(636)462-8769," 850 East Cherry St, Suite A "," Troy, MO 63379 ",
Union Area Chamber of Commerce ,U.S. Chamber Member,www.unionmochamber.org/,(636)583-8979, 103 South Oak St," Union, MO 63084 ",
Waynesville-St. Robert Chamber of Commerce ,U.S. Chamber Member,www.waynesville-strobertchamber.com,(573)336-5121," 137 Saint Robert Blvd., Suite B "," Saint Robert, MO 65584 ",
West St. Louis County Chamber of Commerce ,U.S. Chamber Member,www.westcountychamber.com/,(636)230-9900," 15965 Manchester Rd, Suite 102 "," Ellisville, MO 63011 ",
Clayton Chamber of Commerce ,,www.claytoncommerce.com/,(314)726-3033," 225 South Meramec Ave, Suite 300 "," Clayton, MO 63105 ",
United States Junior Chamber of Commerce (Jaycees) ,,www.usjaycees.org,(636)681-1857," 15645 Olive Blvd, Suite A "," Chesterfield, MO 63017 ",
Callaway Chamber of Commerce & Visitor's Center ,,www.callawaychamber.com/CallawayChamber/,(573)642-3055, 510 Market St," Fulton, MO 65251 ",
Camdenton Area Chamber of Commerce ,,www.odd.net/ozarks/cchamber,(573)346-2227, PO Box 1375," Camdenton, MO 65020 ",
Carrollton Area Chamber of Commerce ,,www.carrolltonareachamber.org,(660)542-0922," 1 South Main, Suite 1 "," Carrollton, MO 64633 ",
Eldon Area Chamber of Commerce ,,www.eldonchamber.com/,(573)392-3752, 403 E North St," Eldon, MO 65026 ",
Fenton Area Chamber of Commerce ,,www.fentonmochamber.com,(636)717-0200, 1375 North Hwy Dr," Fenton, MO 63099 ",
Harrisonville Chamber of Commerce ,,www.harrisonvillechamber.com/,(816)797-1480, 106 S Independence St," Harrisonville, MO 64701 ",
Hermann Area Chamber of Commerce ,,www.visithermann.com,(573)486-2313, 150 Market St," Hermann, MO 65041 ",
Higginsville Chamber of Commerce ,,www.higginsvillechamber.org,(660)584-3030, PO Box 164," Higginsville, MO 64037 ",
Hispanic Chamber of Commerce-Greater Kansas City ,,www.hispanicchamberofkc.com,(816)472-6767, 107 W 10th St," Kansas City, MO 64105 ",
Independence Chamber of Commerce ,,,(816)252-4745, 210 West Truman Rd," Independence, MO 64050 ",
Jackson Area Chamber of Commerce ,,www.jacksonmochamber.org,(573)243-8131, 125 East Main St," Jackson, MO 63755 ",
Kennett Chamber of Commerce ,,www.kennettmo.com,(573)888-5828, PO Box 61," Kennett, MO 63857 ",
Kirksville Area Chamber of Commerce ,,www.kirksvillechamber.com,(660)665-3766, PO Box 251," Kirksville, MO 63501 ",
Kirkwood Des Peres Chamber of Commerce ,,www.kirkwooddesperes.com,(314)821-4161, 366 S Kirkwood Rd," Saint Louis, MO 63122 ",
Louisiana Chamber of Commerce ,,www.louisiana-mo.com,(573)754-5921," 202 S 3rd St, Ste 206 "," Louisiana, MO 63353 ",
Maryland Heights Chamber of Commerce ,,www.mhcc.com,(314)576-6603, 11705 Dorsett Rd," Maryland Heights, MO 63043 ",
Moberly Area Chamber of Commerce ,,www.moberlychamber.com,(660)263-6070, 211 West Reed St," Moberly, MO 65270 ",
Monett Chamber of Commerce ,,www.business.monett-mo.com,(417)235-7919, 200 East Broadway St," Monett, MO 65708 ",
Nevada/Vernon County Chamber of Commerce ,,www.nevada-mo.com,(417)667-5300," 225 West Austin Blvd, Suite 200 "," Nevada, MO 64772 ",
Northwest Chamber of Commerce ,,www.northwestchamber.com,(314)291-2131," 8944 St. Charles Rock Rd, Third Floor "," Saint Louis, MO 63114 ",
Raytown Area Chamber of Commerce ,,www.raytownchamber.com/,(816)353-8500, 5909 Raytown Trafficway," Raytown, MO 64133 ",
Republic Area Chamber of Commerce ,,www.republicmo.com,(417)732-3356, 113 West Highway 174," Republic, MO 65738 ",
Richmond Chamber of Commerce ,,www.richmondchamber.org,(816)776-6916, 104 West North Main St," Richmond, MO 64085 ",
Sedalia Area Chamber of Commerce ,,www.sedaliachamber.com,(660)826-2222, 600 East 3rd St," Sedalia, MO 65301 ",
Trenton Chamber of Commerce ,,www.trentonmochamber.com,(660)359-4324, 617 Main," Trenton, MO 64683 ",
Twin City Area Chamber of Commerce ,,www.twincity.org,(636)937-7697, 114 Main St," Festus, MO 63028 ",
Washington Area Chamber of Commerce ,,www.washmo.org,(636)239-2715, 323 West Main St," Washington, MO 63090 ",
Webster Groves/Shrewsbury/Rock Hill Chamber ,,www.webstershrewsburychamber.com,(314)962-4142," 357 Marshall Ave, Suite 102 "," Saint Louis, MO 63119 ",
Affton Chamber of Commerce ,,www.afftonchamber.com,(314)849-6499, 10205 Gravois Rd.," Saint Louis, MO 63123 ",
Albany Chamber of Commerce ,,,(660)726-5228, PO Box 231," Albany, MO 64402 ",
Arcadia Valley Chamber of Commerce ,,,(573)546-7117," 122 S Main St., P.O. Box 343 "," Ironton, MO 63650 ",
Arnold Chamber of Commerce ,,chamber.arnold-mo.com,(636)296-1910, 1838 Old Lemay Ferry Rd," Arnold, MO 63010 ",
Aurora Chamber of Commerce ,,auroramochamber.com,(417)678-4150," 121 E Olive St, PO Box 257 "," Aurora, MO 65605 ",
Ava Area Chamber of Commerce ,,avachamber.org,(417)683-4594," 232 E Washington Ave., P.O. Box 1103 "," Ava, MO 65608 ",
Belton Chamber of Commerce ,,www.beltonmochamber.org/,(816)331-2420," 323 Main, P.O. Box 350 "," Belton, MO 64012 ",
Bethany Area Chamber of Commerce ,,,(660)425-6358, 116 N 16th St.," Bethany, MO 64424 ",
Black Chamber of Commerce Of Greater Kansas City I ,,www.bcckc.org,, 1501 E 18th St," Kansas City, MO 64108 ",
Black CofC of Greater Kansas City Inc ,,www.bcckc.org,(816)474-9901, 5737 Swope Pkwy," Kansas City, MO 64130 ",
Bolivar Area Chamber of Commerce ,,www.bolivarchamber.com,(417)326-4118," 454 S Springfield, P.O. Box 202 "," Bolivar, MO 65613 ",
Bonne Terre Chamber of Commerce ,,,(573)358-4000," 11 SW Main St., P.O. Box 175 "," Bonne Terre, MO 63628 ",
Boonville Area Chamber of Commerce ,,mo-river.net,(660)882-2721, 320 First," Boonville, MO 65233 ",
Bowling Green Chamber of Commerce ,,,(573)324-6800, 106 W Main," Bowling Green, MO 63334 ",
Braymer Chamber of Commerce ,,,(660)645-2015, 108 N Main St.," Braymer, MO 64624 ",
Brentwood Chamber of Commerce ,,www.brentwoodmochamber.com/,(314)963-9007, 8764 Rosalie Ave," Saint Louis, MO 63144 ",
Brookfield Area Chamber of Commerce ,,www.brookfieldmissouri.com,(660)258-5217, 306 N Main," Brookfield, MO 64628 ",
Brunswick Area Chamber of Commerce ,,www.brunswickmo.com,(660)548-3171, PO Box 104," Brunswick, MO 65236 ",
Buckner Chamber of Commerce ,,,(816)650-9732, PO Box 325," Buckner, MO 64016 ",
Buffalo Area Chamber of Commerce ,,www.buffaloareachamber.org,(417)345-2852," 101 N Maple, P.O. Box 258 "," Buffalo, MO 65622 ",
Butler Area Chamberof Commerce ,,,(660)679-3380, 5 N Main St," Butler, MO 64730 ",
California Chamber of Commerce ,,,(573)796-3040," 103 E Versailles, 2 "," California, MO 65018 ",
Cameron Chamber of Commerce ,,,(816)632-2005," 205 N Main, P.O. Box 252 "," Cameron, MO 64429 ",
Carl Junction Area Chamber of Commerce ,,,(417)649-8846, 205 North Main St," Carl Junction, MO 64834 ",
Carl Junction Chamber of Commerce ,,www.carljunctioncc.com,(417)649-8846, 205 N Main St," Carl Junction, MO 64834 ",
Cassville Area Chamber of Commerce ,,www.cassville.com,(417)847-2814, 504 Main St," Cassville, MO 65625 ",
Centralia Chamber of Commerce ,,,(573)682-2272, PO Box 235," Centralia, MO 65240 ",
Chaffee Chamber of Commerce ,,,(573)887-9090, PO Box 35," Chaffee, MO 63740 ",
Charleston Chamber of Commerce ,,www.charlestonmo.net,(573)683-6509," 108 E Commercial St., P.O. Box 407 "," Charleston, MO 63834 ",
Clinton Area Chamber of Commerce ,,www.clintonmo.org,(660)885-8166, The Depot," Clinton, MO 64735 ",
Cole Camp Chamber of Commerce ,,www.colecampmo.com/,(660)668-2295, PO Box 94," Cole Camp, MO 65325 ",
Concordia Chamber of Commerce ,,,(660)463-2454, 802 S Gordon," Concordia, MO 64020 ",
Crane Chamber of Commerce ,,,(417)723-0031, PO Box 287," Crane, MO 65633 ",
Crestwood-Sunset Hills Area Chamber of Commerce ,,www.ourchamber.com,(314)843-8545, 9058-A Watson Rd," Saint Louis, MO 63126 ",
Creve Coeur-Olivette Chamber of Commerce ,,www.ccochamber.com,(314)569-3536," 10950 Olive Blvd, #101 "," Saint Louis, MO 63141 ",
Crocker Community Chamber of Commerce ,,,(573)736-2156, 324 South Commercial St," Crocker, MO 65452 ",
Cuba Area Chamber of Commerce ,,"www.cubamo.com,www.cubamochamber.com",(573)885-2531," 106 Downey Pl., P.O. Box 405 "," Cuba, MO 65453 ",
De Soto Chamber of Commerce ,,www.desotomochamber.com,(636)586-2300, 47 Jefferson Sq," De Soto, MO 63020 ",
Desloge Chamber of Commerce ,,,(573)431-3006, 207 N Lincoln St.," Desloge, MO 63601 ",
Dixon Chamber of Commerce ,,,(573)759-7146, PO Box 817," Dixon, MO 65459 ",
East Prairie Chamber of Commerce ,,,(573)649-5243, 106 S Washington St," East Prairie, MO 63845 ",
Edina Chamber of Commerce ,,,(660)397-3667, PO Box 124," Edina, MO 63537 ",
El Dorado Springs Chamber of Commerce ,,,(417)876-4154, 1303 S Highway 32," El Dorado Springs, MO 64744 ",
Ellington Chamber of Commerce ,,www.ellingtonmo.com,(573)663-7997, PO Box 515," Ellington, MO 63638 ",
Elsberry Chamber ofCommerce ,,,(573)898-5511, 889 Deer Run Rd," Elsberry, MO 63343 ",
Eminence Area Chamber of Commerce ,,,(573)226-3318, PO Box 415," Eminence, MO 65466 ",
Eureka Chamber of Commerce ,,www.eurekachamber.us,(636)938-6062," 208 N Central Avenue, Ste D "," Eureka, MO 63025 ",
Excelsior Springs Area Chamber of Commerce ,,www.exspgschamber.com/,(816)630-6161," 426 S Thompson Ave, P.O. Box 632 "," Excelsior Springs, MO 64024 ",
Fair Grove Area Chamber of Commerce ,,,(417)759-7077, PO Box 91," Fair Grove, MO 65648 ",
Fayette Area Chamber of Commerce ,,,(660)248-2200," 203 North Main St, PO Box 414 "," Fayette, MO 65248 ",
Florrisant Valley Chamber of Commerce ,,www.florissantvalleycc.com,(314)831-3500, 1060 St. Catherine," Florissant, MO 63031 ",
Forsyth Chamber of Commerce ,,www.forsythmissouri.org,(417)546-2741, PO Box 777," Forsyth, MO 65653 ",
Gerald Area Chamberof Commerce ,,,(573)764-4627, PO Box 274," Gerald, MO 63037 ",
Gladstone Area Chamber of Commerce ,,www.gladstonechamber.com,(816)436-4523," 7001 N Oak Trfy, Ste 101 "," Kansas City, MO 64118 ",
Glasgow Chamber of Commerce ,,,(660)338-2377, PO Box 192," Glasgow, MO 65254 ",
Grain Valley Chamber of Commerce ,,,(816)847-2627, PO Box 195," Grain Valley, MO 64029 ",
Grant City Chamber of Commerce ,,,(660)564-2321, PO Box 134," Grant City, MO 64456 ",
Greater Caruthersville Chamber of Commerce ,,www.caruthersvillecity.com,(573)333-1222," 200 W 3rd, P.O. Box 806 "," Caruthersville, MO 63830 ",
Greater Hillsboro Chamber of Commerce ,,www.hillsboromo.org,(636)789-4920, PO Box 225," Hillsboro, MO 63050 ",
Greater North County Chamber of Commerce ,,www.greaternorthcountychamber.com,(314)831-3500, 420 W Washington St," Florissant, MO 63031 ",
Greater Piedmont Area Chamber of Commerce ,,,(573)223-4046, PO Box 101," Piedmont, MO 63957 ",
Greater Seymour Area Chamber of Commerce ,,www.seymourmochamber.com,(417)935-9300, PO Box 700," Seymour, MO 65746 ",
Green City Chamber of Commerce ,,greenareachamber.org/,(660)874-4406, PO Box 35," Green City, MO 63545 ",
Greenfield Chamber of Commerce ,,www.greenfieldmochamber.com,(417)637-5656, PO Box 63," Greenfield, MO 65661 ",
Holden Chamber of Commerce ,,www.holdenchamber.com,(816)732-6844, 100 E 2nd," Holden, MO 64040 ",
Hollister Area Chamber of Commerce ,,www.hollisterchamber.net,, PO Box 674," Hollister, MO 65673 ",
Houston Area Chamber of Commerce ,,train.missouri.org/~chamber/,, PO Box 374," Houston, MO 65483 ",
Humansville Chamberof Commerce ,,,(417)754-2257, PO Box 195," Humansville, MO 65674 ",
Kearney Chamber of Commerce ,,www.kearneychamber.org/,(816)628-4229," 455 Sam Barr Dr, Suite 103 "," Kearney, MO 64060 ",
Knob Noster Chamberof Commerce ,,,(660)563-3011, PO Box 278," Knob Noster, MO 65336 ",
Lake Saint Louis Chamber of Commerce ,,,(636)561-9999, 200 Civic Center Dr," Lake Saint Louis, MO 63367 ",
Lemay Chamber of Commerce ,,www.lemaychamber.com,(314)631-2796," PO Box 6642, 744 Lemay Ferry Rd. "," Saint Louis, MO 63125 ",
Lexington Area Chamber of Commerce ,,historiclexington.com,(660)259-3082, 1029 Franklin Ave.," Lexington, MO 64067 ",
Licking Chamber of Commerce ,,,(573)674-2510, PO Box 366," Licking, MO 65542 ",
Macon Area Chamber of Commerce ,,www.macc.istmacon.net,(660)385-2811, 102 Vine St," Macon, MO 63552 ",
Madison County Chamber of Commerce ,,www.fredericktownmissouri.net,(573)783-2604, 120 West Main St," Fredericktown, MO 63645 ",
Malden Chamber of Commerce ,,www.maldenchamber.com,(573)276-4519," 607 North Douglass, P.O. Box 352 "," Malden, MO 63863 ",
Mansfield Area Chamber of Commerce ,,,(417)924-3525, PO Box 322," Mansfield, MO 65704 ",
Maplewood Chamber of Commerce ,,,(314)781-8588, 7844 Manchester Rd.," Maplewood, MO 63143 ",
Marceline Chamber of Commerce ,,,(660)376-3347, 209 N Main St.," Marceline, MO 64658 ",
Mark Twain Lake Chamber of Commerce ,,www.marktwainlake.com,, 42494 Delaware Ln," Perry, MO 63462 ",
Marshfield Chamber of Commerce ,,,(417)468-3943," 1329 Spur Dr, Suite 130 "," Marshfield, MO 65706 ",
Marthasville Area Chamber of Commerce ,,www.marthasvillemochamber.org,(636)433-5242, 402 East Main St," Marthasville, MO 63357 ",
Maysville Chamber of Commerce ,,,(816)449-2062, PO Box 521," Maysville, MO 64469 ",
Mexico Area Chamber of Commerce ,,www.mexico-chamber.org,(573)581-2765, 100 W Jackson St.," Mexico, MO 65265 ",
Mid-America LGBT Chamber Of Commerce ,,,(816)474-3558, PO Box 5961," Kansas City, MO 64171 ",
Monroe City Area Chamber of Commerce ,,,(573)735-2856, PO Box 22," Monroe City, MO 63456 ",
Montgomery City Area Chamber of Commerce ,,www.montgomerycity.org,(573)564-2712, PO Box 31," Montgomery City, MO 63361 ",
Mound City Area Chamber of Commerce ,,,(660)442-3262, PO Box 68," Mound City, MO 64470 ",
Mount Vernon Chamber of Commerce ,,www.mtvernonchamber.com,(417)466-7654," 425 E Mt. Vernon Blvd., P.O. Box 373 "," Mount Vernon, MO 65712 ",
Mountain Grove Chamber of Commerce ,,missourichamber.com/mountaingrove,(417)926-4135," 600 E State St., P.O. Box 434 "," Mountain Grove, MO 65711 ",
Mountain View Chamber of Commerce ,,www.mountainviewmo.com,(417)934-2794, PO Box 24," Mountain View, MO 65548 ",
Mountain View Women's Chamber of Commerce ,,,(417)934-2211, PO Box 24," Mountain View, MO 65548 ",
New Haven Area Chamber of Commerce ,,,(573)237-4663, PO Box 201," New Haven, MO 63068 ",
New Madrid Chamber of Commerce ,,www.new-madrid.mo.us,(573)748-5300," 560 Mott St., P.O. Box 96 "," New Madrid, MO 63869 ",
New Melle Chamber of Commerce ,,,(636)828-5600, PO Box 212," New Melle, MO 63365 ",
Noel Area Chamber of Commerce ,,www.4noel.com,," 108 S Railroad, P.O. Box 173 "," Noel, MO 64854 ",
North County Chamber of Commerce ,,,(314)521-6000," 8944 Saint Charles Rock Rd, #3 "," Saint Louis, MO 63114 ",
Northeast Kansas City Chamber of Commerce ,,www.nekcchamber.com,(816)860-3312," 6400 Independence Ave., P.O. Box 240392 "," Kansas City, MO 64125 ",
Northwest Jefferson County Chamber of Commerce ,,www.nwchamberweb.org,(636)671-8010, PO Box 371," High Ridge, MO 63049 ",
Northwest JeffersonCounty Chamber of Commerce ,,,(636)376-6522, PO Box 234," House Springs, MO 63051 ",
Oak Grove Chamber of Commerce ,,www.ogchamber.com,(816)690-4147," 1404 South Broadway, Suite D "," Oak Grove, MO 64075 ",
Odessa Chamber of Commerce ,,www.odessamochamber.com,(816)633-4044, 1430 W 40 Hwy.," Odessa, MO 64076 ",
Oran Chamber of Commerce ,,,(573)262-9024, 1115 State Hwy. W," Oran, MO 63771 ",
Osceola Area Chamber of Commerce ,,www.osceolamochamber.com/index.html,(417)646-5655, PO Box 422," Osceola, MO 64776 ",
Osceola Comm. Chamber of Commerce ,,www.osceolamochamber.com,(417)646-5655, PO Box 422," Osceola, MO 64776 ",
Owensville Chamber of Commerce ,,www.owensvillemo.com,(573)437-4270, PO Box 77," Owensville, MO 65066 ",
Ozark Area Chamber of Commerce ,,ozarkchamber.com/,(417)581-6139, 205 W Church St.," Ozark, MO 65721 ",
Ozark County Chamber of Commerce ,,www.ozarkcounty.net,(417)712-9465, PO Box 605," Gainesville, MO 65655 ",
Pacific Chamber of Commerce ,,,(636)271-6639, 333 Chambers Dr.," Pacific, MO 63069 ",
Palmyra Chamber of Commerce ,,showmepalmyra.com,(573)769-0777, PO Box 446," Palmyra, MO 63461 ",
Paris Area Chamber of Commerce ,,,(660)327-4450, 208 N Main," Paris, MO 65275 ",
Park Hills-Leadington Chamber of Commerce ,,www.phlcoc.net/,(573)431-1051, 12 Municipal Dr," Park Hills, MO 63601 ",
Peculiar Chamber of Commerce ,,www.peculiarchamber.com,(816)779-2223, PO Box 462," Peculiar, MO 64078 ",
Platte City Chamber/Economic Development Council ,,www.plattecitymo.com,(816)858-5270, PO Box 650," Platte City, MO 64079 ",
Plattsburg Chamber of Commerce ,,www.plattsburgchamber.org,(816)539-2649," 101 S Main, P.O. Box 32 "," Plattsburg, MO 64477 ",
Pomme de Terre LakeArea Chamber of Commerce ,,www.lakepommedeterre.com,(800)235-9519, PO Box 36," Hermitage, MO 65668 ",
Portageville Chamber of Commerce ,,,(573)379-5390," 301 E Main, P.O. Box 409 "," Portageville, MO 63873 ",
Putnam County Chamber of Commerce ,,,(660)947-2222, PO Box 365," Unionville, MO 63565 ",5 / 5
Raymore Chamber of Commerce ,,www.raymorechamber.com,(816)322-0599," 1000 W Foxwood Dr, Suite 200 "," Raymore, MO 64083 ",
Rich Hill Chamber of Commerce ,,,(417)395-2244, PO Box 165," Rich Hill, MO 64779 ",
Richmond Heights Chamber of Commerce ,,www.richmondheights.org,(314)647-6483, 1249 Boland Pl," Saint Louis, MO 63117 ",
Ripley County Chamber of Commerce ,,www.ripleycountymissouri.org,(573)996-2212, 209 West Highway St," Doniphan, MO 63935 ",
Riverside Area Chamber of Commerce ,,www.riversidemochamber.com,(816)741-9985, 2950 NW Vivion Rd," Riverside, MO 64150 ",
Rock Port Chamber of Commerce ,,,, PO Box 134," Rock Port, MO 64482 ",
Rogersville Area Chamber of Commerce ,,www.rogersvillechamber.com,(417)753-7538, PO Box 77," Rogersville, MO 65742 ",
Saint James Chamberof Commerce ,,,(800)480-3899," 100 St Rt B, P.O. Box 358 "," Saint James, MO 65559 ",
Saint Mary Chamber of Commerce ,,,(573)543-2230, PO Box 38," Saint Mary, MO 63673 ",
Salem Area Chamber of Commerce ,,www.salemmo.com,(573)729-6900, 200 South Main St," Salem, MO 65560 ",
Salisbury Area Chamber of Commerce ,,,, 128 W 2nd," Salisbury, MO 65281 ",
Sarcoxie Area Chamber of Commerce ,,,(417)548-6130, PO Box 171," Sarcoxie, MO 64862 ",
Scott City Area Chamber of Commerce ,,www.scottcitymochamber.org/,(573)264-2157, 1508 Main St," Scott City, MO 63780 ",
Seligman Greater Area Chamber of Commerce ,,www.seligmanchamber.com,(417)662-3612, PO Box 250," Seligman, MO 65745 ",
Seneca Chamber of Commerce ,,www.senecamochamber.com,(417)438-3447," PO Box 332, P.O. Box 135 "," Seneca, MO 64865 ",
Shelbina Chamber ofCommerce ,,,(573)588-1506, PO Box 432," Shelbina, MO 63468 ",
Shell Knob Chamber of Commerce ,,www.shellknob.com,(417)858-3300," 6 Timberoc Village, P.O. Box 193 "," Shell Knob, MO 65747 ",
Slater Chamber of Commerce ,,www.cityofslater.com,(660)529-2245, PO Box 177," Slater, MO 65349 ",
Smithville Area Chamber of Commerce ,,,(816)532-0946," 107 W Main, P.O. Box 61 "," Smithville, MO 64089 ",
South County Chamber of Commerce ,,www.southcountychamber.org,(314)894-6800," 4179 Crescent Dr, Ste A "," Saint Louis, MO 63129 ",
St. Clair Area Chamber of Commerce ,,www.stclairmo.com,(636)629-1889," 960 Plaza Dr, Suite H "," Saint Clair, MO 63077 ",
St. Joseph Area Chamber of Commerce ,,saintjoseph.com/,(816)232-4485, 3003 Frederick Avenue," Saint Joseph, MO 64506 ",
Ste. Genevieve Chamber of Commerce ,,www.saintegenevieve.org,(573)883-3686, 51 S 3rd St," Sainte Genevieve, MO 63670 ",
Steele Chamber of Commerce ,,www.cityofsteele.org,(573)695-4710, 115 S Walnut St," Steele, MO 63877 ",
Steelville Chamber of Commerce ,,chamberofcommerce.steelville.com/,(573)775-5533, 604 West Main St," Steelville, MO 65565 ",
Stockton Area Chamber of Commerce ,,www.stocktonmochamber.com,(417)276-5213," PO Box 410, 3 Public Square "," Stockton, MO 65785 ",
Stover Chamber of Commerce ,,,(573)377-4510, 406 N Oak," Stover, MO 65078 ",
Strafford Area Chamber of Commerce ,,www.strafford-mo.com,(417)522-6935, PO Box 21," Strafford, MO 65757 ",
Sullivan Area Chamber of Commerce ,,www.sullivanmo.com,(573)468-3314, 2 Springfield," Sullivan, MO 63080 ",
Summersville Chamber of Commerce ,,www.summersvillemo.com,(417)932-4299, PO Box 251," Summersville, MO 65571 ",
Sweet Springs Chamber of Commerce ,,,(660)335-6321, PO Box 255," Sweet Springs, MO 65351 ",
Tarkio Chamber of Commerce ,,,(660)736-5772, 222 Main," Tarkio, MO 64491 ",
Thayer Area Chamberof Commerce ,,,(417)264-7324, PO Box 14," Thayer, MO 65791 ",
The Platte City Area Chamber of Commerce ,,,(816)790-3296," PO Box 650, 620 Third Street "," Platte City, MO 64079 ",
Theodosia Area Chamber of Commerce ,,www.missourichamber.com,, PO Box 11," Theodosia, MO 65761 ",
Tipton Chamber of Commerce ,,www.tiptonmo.com,(660)433-6377, PO Box 307," Tipton, MO 65081 ",
Town & Country Chamber of Commerce ,,,(314)469-3335, 13498 Clayton Rd.," Saint Louis, MO 63131 ",
Van Buren Area Chamber of Commerce ,,www.semo.net/vanburen/,(573)323-4782, PO Box 356," Van Buren, MO 63965 ",
Vandalia Area Chamber of Commerce ,,www.vandaliamo.com,(573)594-3161, 200 E Park," Vandalia, MO 63382 ",
Versailles Area Chamber of Commerce ,,,(573)378-4401, PO Box 256," Versailles, MO 65084 ",
Viburnum Area Chamber of Commerce ,,,(573)244-5520, PO Box 747," Viburnum, MO 65566 ",
Warrenton Area Chamber of Commerce ,,www.warrentoncoc.com,(636)456-2530, PO Box 333," Warrenton, MO 63383 ",
Warsaw Area Chamberof Commerce ,,www.warsawmo.org,(660)438-5922," 181 Harrison St, P.O. Box 264 "," Warsaw, MO 65355 ",
Washington County &Potosi Chamber of Commerce ,,www.potosichamber.com,(573)438-4517, 121 E High St," Potosi, MO 63664 ",
Webb City Area Chamber of Commerce ,,www.webbcitychamber.com,(417)673-1154," 555 S Main St., P.O. Box 287 "," Webb City, MO 64870 ",
Wellsville Chamber of Commerce ,,,(573)684-3177, PO Box 99," Wellsville, MO 63384 ",
Wentzville Chamber of Commerce ,,,(636)327-6914, PO Box 11," Wentzville, MO 63385 ",
Weston Chamber of Commerce ,,www.westonmo.com,(816)640-2909, 526 Main St," Weston, MO 64098 ",
Willard Area Chamber of Commerce ,,,(417)888-1031, PO Box 384," Willard, MO 65781 ",
Willow Springs AreaChamber of Commerce ,,,(417)469-5519, 112 E Main St.," Willow Springs, MO 65793 ",
Windsor Area Chamber of Commerce ,,,(660)647-2318," 102 N Main, P.O. Box 315 "," Windsor, MO 65360 ",
Winona Area Chamberof Commerce ,,,(573)325-4407, PO Box 426," Winona, MO 65588 ",
Wright City Area Chamber of Commerce ,,www.wrightcitychamber.com,(636)206-6191, 201 Northwest Ave," Wright City, MO 63390 ",
