Belgrade Chamber of Commerce ,U.S. Chamber Member,www.belgradechamber.org,(406)388-1616, 10 East Main," Belgrade, MT 59714 ",
Big Sky Chamber of Commerce ,U.S. Chamber Member,www.bigskychamber.com,(406)995-3000, PO Box 160100," Big Sky, MT 59716 ",
Billings Area Chamber of Commerce ,U.S. Chamber Member,www.billingschamber.com/,(406)245-4111, PO Box 31177," Billings, MT 59107 ",5 / 5
Bozeman Area Chamber of Commerce ,U.S. Chamber Member,www.bozemanchamber.com,(406)586-5421, 2000 Commerce Way," Bozeman, MT 59715 ",
Butte-Silver Bow Chamber of Commerce ,U.S. Chamber Member,www.buttechamber.org,(406)723-3177, 1000 George St," Butte, MT 59701 ",
Helena Area Chamber of Commerce ,U.S. Chamber Member,www.helenachamber.com,(406)442-4120," 225 Cruse Ave, Suite A "," Helena, MT 59601 ",
Kalispell Chamber of Commerce ,U.S. Chamber Member,www.kalispellchamber.com,(406)758-2800," 15 Depot Park, Suite 1 "," Kalispell, MT 59901 ",5 / 5
Missoula Area Chamber of Commerce ,U.S. Chamber Member,www.missoulachamber.com,(406)543-6001, 825 East Front St," Missoula, MT 59807 ",
Montana Chamber of Commerce ,U.S. Chamber Member,www.montanachamber.com,(406)442-2405," 900 Gibbon St, PO Box 1730 "," Helena, MT 59624 ",
Sidney Chamber of Commerce and Agriculture ,U.S. Chamber Member,www.sidneymt.com,(406)433-1916, 909 South Central Ave," Sidney, MT 59270 ",
West Yellowstone Chamber of Commerce ,U.S. Chamber Member,www.destinationyellowstone.com/,(406)646-7701, 30 Yellowstone Ave.," West Yellowstone, MT 59758 ",
Miles City Area Chamber of Commerce ,,www.milescitychamber.com,(406)234-2890, 511 Pleasant St," Miles City, MT 59301 ",
Red Lodge Area Chamber of Commerce ,,www.redlodgechamber.org,(406)446-1718, 601 North Broadway," Red Lodge, MT 59068 ",
Thompson Falls Chamber of Commerce ,,www.thompsonfallschamber.com,(406)827-4930, PO Box 493," Thompson Falls, MT 59873 ",
Wolf Point Chamber of Commerce & Agriculture ,,www.wolfpointchamber.com,(406)653-2012," 218 South 3rd Ave, Suite B "," Wolf Point, MT 59201 ",
Anaconda Chamber of Commerce ,,,(406)563-2400, 306 E Park St.," Anaconda, MT 59711 ",
Baker Chamber of Commerce & Ag. ,,,(866)862-2537, PO Box 849," Baker, MT 59313 ",
Beaverhead Chamber of Commerce ,,www.bmt.net/~chamber/,(406)683-5511, 125 S Montana," Dillon, MT 59725 ",
Bigfork Area Chamber of Commerce ,,,(406)837-5888, 8155 Mt Hwy. 35," Bigfork, MT 59911 ",
Bridger Chamber of Commerce ,,,(406)662-3180, PO Box 99," Bridger, MT 59014 ",
Carter County Chamber of Commerce ,,,(406)775-6886, PO Box 538," Ekalaka, MT 59324 ",
Chester Chamber of Commerce ,,,(406)759-4848, PO Box 632," Chester, MT 59522 ",
Chinook Chamber of Commerce ,,www.chinookmontana.com,(406)357-3115, PO Box 744," Chinook, MT 59523 ",
Choteau Chamber of Commerce ,,www.choteauchamber.com,, PO Box 897," Choteau, MT 59422 ",
Circle Chamber of Commerce ,,www.circle-montana.com/,(406)485-4782, PO Box 321," Circle, MT 59215 ",
Colstrip Area Association of Business ,,,(406)748-3293, PO Box 1100," Colstrip, MT 59323 ",
"Colter Pass, Cooke City, Silver Gate Chamber of Co ",,www.cookecitychamber.org,(406)838-2495, PO Box 1071," Cooke City, MT 59020 ",
Columbia Falls Area Chamber of Commerce ,,,(406)892-2072, PO Box 312," Columbia Falls, MT 59912 ",
Conrad Area Chamberof Commerce ,,www.conradmt.com,(406)271-7791, 12 5th Avenue SE," Conrad, MT 59425 ",
Culbertson Chamber of Commerce ,,,(406)787-5821, PO Box 639," Culbertson, MT 59218 ",
Cut Bank Area Chamber of Commerce ,,www.cutbankchamber.com,(406)873-4041, PO Box 1243," Cut Bank, MT 59427 ",
Daniels County Chamber of Commerce & Ag. ,,www.scobey.org,(406)487-2061, PO Box 91," Scobey, MT 59263 ",
Drummond Chamber of Commerce ,,www.drummondmontana.com,(406)531-5846, PO Box 364," Drummond, MT 59832 ",
Ennis Area Chamber of Commerce ,,www.ennischamber.com,(406)682-4388, PO Box 291," Ennis, MT 59729 ",
Eureka Area Chamber of Commerce ,,eurekamontana.org/,(406)297-4636, PO Box 186," Eureka, MT 59917 ",
Fairfield Chamber of Commerce ,,,(406)467-2531, PO Box 776," Fairfield, MT 59436 ",
Fairview Chamber of Commerce ,,www.midrivers.com/~fairview,(406)742-5259, PO Box 374," Fairview, MT 59221 ",
Fort Benton Chamber of Commerce & Info. Center ,,www.fortbenton.com,(406)622-3864, PO Box 12," Fort Benton, MT 59442 ",
Gardiner Chamber ofCommerce ,,www.gardinerchamber.com,(406)848-7971, PO Box 81," Gardiner, MT 59030 ",
Garfield County Chamber of Commerce ,,,(406)557-6158, PO Box 370," Jordan, MT 59337 ",
Glasgow Area Chamber of Commerce & Ag. ,,,(406)228-2222, 23 E Hwy. 2," Glasgow, MT 59230 ",
Glendive C Of C & Ag. ,,www.glendivechamber.com,(406)377-5601, 808 N Merrill Avenue," Glendive, MT 59330 ",
Greater Ruby Valley Chamber of Commerce ,,www.rubyvalleychamber.com,(406)684-5678, PO Box 134," Twin Bridges, MT 59754 ",
Greater Stillwater County Chamber of Commerce ,,www.stillwater-chamber.org,(406)322-4505, PO Box 783," Columbus, MT 59019 ",
Hardin Area Chamber of Commerce & Ag. ,,www.hardinmtchamber.com/,(406)665-1672, 10 E Railway St," Hardin, MT 59034 ",
Harlowton Area Chamber of Commerce & Ag. ,,www.harlowtonchamber.com,(406)632-4694, PO Box 694," Harlowton, MT 59036 ",
Havre Area Chamber of Commerce ,,www.havrechamber.com,(406)265-4383, 518 1st St.," Havre, MT 59501 ",
Hot Springs Chamberof Commerce ,,www.hotsprgs.net/~hscofc,(406)741-2662, PO Box 580," Hot Springs, MT 59845 ",
Hysham Chamber of Commerce ,,www.hysham.org,(406)342-5676, PO Box 63," Hysham, MT 59038 ",
Judith Basin Chamber of Commerce ,,,, PO Box 5," Stanford, MT 59479 ",
Lakeside-Somers Chamber of Commerce ,,www.lakesidechamber.comandwww.somersch,, PO Box 177," Lakeside, MT 59922 ",
Laurel Chamber of Commerce ,,,(406)628-8105," 108 E Main, P.O. Box 395 "," Laurel, MT 59044 ",
Lewistown Area Chamber of Commerce ,,www.lewistownchamber.com,(406)538-5436, 408 NE Main," Lewistown, MT 59457 ",
Libby Area Chamber of Commerce ,,www.libbychamber.org,(406)293-4167," 905 West 9th, P.O. Box 704 "," Libby, MT 59923 ",
Livingston Chamber of Commerce ,,www.yellowstone-chamber.com,(406)222-0850, 303 E Park," Livingston, MT 59047 ",
Malta Area Chamber of Commerce ,,www.maltachamber.com,(406)654-1776," 10 1/2 S 4 E, P.O. Box 1420 "," Malta, MT 59538 ",
Manhattan Area Chamber of Commerce ,,,(406)284-4162," 112 South Broadway St, PO Box 606 "," Manhattan, MT 59741 ",
Meagher County Chamber of Commerce ,,www.meagherchamber.com,(406)547-2250, PO Box 356," White Sulphur Springs, MT 59645 ",
Mineral County Chamber of Commerce ,,www.montanarockies.org,(406)822-4891, PO Box 483," Superior, MT 59872 ",
Musselshell Valley Chamber of Commerce ,,,(406)323-1966," 246 Main St., P.O. Box 751 "," Roundup, MT 59072 ",
Philipsburg Chamber of Commerce ,,,(406)859-3388, PO Box 661," Philipsburg, MT 59858 ",
Plains-Paradise Chamber of Commerce ,,,(406)826-4700, PO Box 1531," Plains, MT 59859 ",
Polson Chamber of Commerce ,,www.polsonchamber.com,(406)883-5969," 4 Second Ave. E, P.O. Box 667 "," Polson, MT 59860 ",
Powder River Chamber of Commerce ,,,(406)436-2778, PO Box 484," Broadus, MT 59317 ",
Powell County Chamber of Commerce ,,,(406)846-2094, 1171 Main St.," Deer Lodge, MT 59722 ",
Prairie County Chamber of Commerce ,,,(406)635-4770, PO Box 667," Terry, MT 59349 ",
Ronan Chamber of Commerce ,,,(406)676-8300, 106 Main Street Southwest," Ronan, MT 59864 ",
Saco Chamber of Commerce ,,www.sacomontana.net/,(406)527-3434, PO Box 75," Saco, MT 59261 ",
Saint Ignatius Chamber of Commerce ,,,(406)745-4884, PO Box 664," Saint Ignatius, MT 59865 ",
Seeley Lake Area Chamber of Commerce ,,www.seeleylakechamber.com,(406)677-2880, PO Box 516," Seeley Lake, MT 59868 ",
Shelby Area Chamberof Commerce ,,,(406)434-7184," 100 2nd Ave. S, P.O. Box 865 "," Shelby, MT 59474 ",
Sheridan County Chamber of Commerce ,,,(406)765-1733, PO Box 104," Plentywood, MT 59254 ",
Swan Lake Chamber of Commerce ,,,(406)886-2303, PO Box 993," Bigfork, MT 59911 ",
Three Forks Chamber of Commerce & Visitor Center ,,www.threeforksmontana.com,(406)285-4753, PO Box 170515," Bozeman, MT 59717 ",
Townsend Area Chamber of Commerce ,,,(406)266-4101, PO Box 947," Townsend, MT 59644 ",
Troy Chamber of Commerce ,,www.troymtchamber.org,(406)295-1064," PO Box 3005, 120b "," Troy, MT 59935 ",
Whitefish Area Chamber of Commerce ,,www.whitefishchamber.org,(406)862-3501, 6475 Hwy. 93 S," Whitefish, MT 59937 ",
Whitehall Chamber of Commerce ,,www.whitehallmt.com,, PO Box 72," Whitehall, MT 59759 ",
Wibaux County Chamber of Commerce ,,,(406)796-2412, PO Box 159," Wibaux, MT 59353 ",
