Alliance Chamber of Commerce ,U.S. Chamber Member,www.alliancechamber.com,(308)762-1520, 305 Box Butte Ave," Alliance, NE 69301 ",
Beatrice Area Chamber of Commerce ,U.S. Chamber Member,www.beatricechamber.com,(402)223-2338, 218 North 5th St," Beatrice, NE 68310 ",
Blair Area Chamber of Commerce ,U.S. Chamber Member,www.blairchamber.org,(402)533-4455, 1646 Washington St," Blair, NE 68008 ",
Columbus Area Chamber of Commerce ,U.S. Chamber Member,www.thecolumbuspage.com/,(402)564-2769, PO Box 515," Columbus, NE 68601 ",5 / 5
Cozad Chamber of Commerce ,U.S. Chamber Member,www.cozadchamber.com,(308)784-3930, 135 West 8th St," Cozad, NE 69130 ",
Falls City Area Chamber of Commerce ,U.S. Chamber Member,www.fallscityareachamber.com,(402)245-4228, 1705 Stone St," Falls City, NE 68355 ",
Fremont Area Chamber of Commerce ,U.S. Chamber Member,www.fremontne.org/,(402)721-2641, 128 East 6th St," Fremont, NE 68026 ",
Gothenburg Community Development ,U.S. Chamber Member,www.gothenburgdelivers.com,(308)537-3505, 1001 Lake Ave," Gothenburg, NE 69138 ",
Grand Island Area Chamber of Commerce ,U.S. Chamber Member,www.gichamber.com,(308)382-9210, 309 W 2nd St," Grand Island, NE 68801 ",4 / 5
Greater Omaha Chamber of Commerce ,U.S. Chamber Member,www.omahachamber.org,(402)346-5000," 808 Conagra Dr, Suite 400 "," Omaha, NE 68102 ",5 / 5
Hastings Area Chamber of Commerce ,U.S. Chamber Member,www.hastingschamber.com,(402)461-8400, PO Box 1104," Hastings, NE 68902 ",
Kearney Area Chamber of Commerce ,U.S. Chamber Member,www.kearneycoc.net,(308)237-3101, 1007 2nd Avenue," Kearney, NE 68848 ",5 / 5
Lincoln Chamber of Commerce ,U.S. Chamber Member,www.lcoc.com,(402)436-2350," 1128 Lincoln Mall, Ste 100 "," Lincoln, NE 68508 ",5 / 5
Nebraska Chamber of Commerce & Industry ,U.S. Chamber Member,www.nechamber.com,(402)474-4422, PO Box 95128," Lincoln, NE 68509 ",
"Nebraska City Tourism & Commerce, Inc. ",U.S. Chamber Member,www.nebraskacity.com,(402)873-6654, 806 1st Ave," Nebraska City, NE 68410 ",
Norfolk Area Chamber of Commerce ,U.S. Chamber Member,www.norfolkareachamber.com,(402)371-4862, 609 W Norfolk Ave," Norfolk, NE 68701 ",
Norfolk Area Chamber of Commerce ,U.S. Chamber Member,www.norfolkareachamber.com,(402)371-4862, 609 W Norfolk Ave," Norfolk, NE 68701 ",
North Platte Chamber of Commerce & DevelopmentCorp ,U.S. Chamber Member,www.northplattechamber.com,(308)532-4966, 502 South Dewey St.," North Platte, NE 69101 ",
Ogallala Keith County Chamber of Commerce ,U.S. Chamber Member,www.visitogallala.com/,(308)284-4066, 119 E 2nd St," Ogallala, NE 69153 ",
Ralston Area Chamber of Commerce ,U.S. Chamber Member,www.ralstonareachamber.org,(402)339-7737, 5505 Miller Ave.," Ralston, NE 68127 ",
Scottsbluff-Gering United Chamber of Commerce ,U.S. Chamber Member,www.scottsbluffgering.net,(308)632-2133," 1517 Broadway, Suite 104 "," Scottsbluff, NE 69361 ",
Seward County Chamber & Development Partnership ,U.S. Chamber Member,www.SewardNE.com,(402)643-4189, 616 Bradford St," Seward, NE 68434 ",
York Area Chamber of Commerce ,U.S. Chamber Member,www.yorkchamber.org/,(402)362-5531, 603 Lincoln Ave," York, NE 68467 ",
Holdrege Area Chamber of Commerce ,,www.justtheplacenebraska.com,(308)995-4444, 504 4th Ave," Holdrege, NE 68949 ",
Aurora Area Chamber & Development ,,www.auroranebraska.com,(402)694-6911, PO Box 226," Aurora, NE 68818 ",
Broken Bow Chamber of Commerce ,,www.brokenbow-ne.com/chamber/,(308)872-5691, 444 South 8th Ave," Broken Bow, NE 68822 ",
Crete Chamber of Commerce ,,www.cretechamber.org,(402)826-2136, 2905 Betten Dr," Crete, NE 68333 ",
Fairbury Chamber of Commerce ,,www.visitoregontrail.org,(402)729-3000, PO Box 274," Fairbury, NE 68352 ",
Greater Bellevue Area Chamber of Commerce ,,www.bellevuenebraska.com,(402)898-3000, 1102 South Galvin Rd," Bellevue, NE 68005 ",
Lexington Area Chamber of Commerce ,,www.lexcoc.com/,(308)324-5504," 1501 Plum Creek Pkwy, Suite 2 "," Lexington, NE 68850 ",
Nebraska Department of Economic Development ,,www.neded.org,(402)471-3111, PO Box 94666," Lincoln, NE 68509 ",
Ord Area Chamber of Commerce ,,www.ordnebraska.com,(308)728-7875, 1514 K St.," Ord, NE 68862 ",
Plattsmouth Chamber of Commerce ,,www.plattsmouthchamber.com,(402)296-6021, 916 Washington Ave," Plattsmouth, NE 68048 ",
Sarpy County Chamber of Commerce ,,www.sarpychamber.org,(402)339-3050," 7775 Olson Dr, Suite 207 "," Papillion, NE 68046 ",
Wayne Area Economic Development ,,www.wayneworks.org,(402)375-2240, PO Box 275," Wayne, NE 68787 ",
West Point Chamber of Commerce ,,www.westpointchamber.com,(402)372-2981, PO Box 125," West Point, NE 68788 ",
Ainsworth Area Chamber of Commerce ,,www.ainsworthchamber.com/,(402)382-3537, 310 N Main St.," Ainsworth, NE 69210 ",
Albion Chamber of Commerce ,,www.albionne.org,(402)395-6012, 420 W Market," Albion, NE 68620 ",
Alma Chamber of Commerce ,,,(308)928-2992, PO Box 52," Alma, NE 68920 ",
Arapahoe Chamber of Commerce ,,www.arapahoe-ne.com,(308)962-7777, PO Box 624," Arapahoe, NE 68922 ",
Arnold Chamber of Commerce ,,,(308)848-2522, PO Box 166," Arnold, NE 69120 ",
Arthur Chamber of Commerce ,,,(308)764-2367, 103 N Highway 61," Arthur, NE 69121 ",
Ashland Chamber of Commerce ,,,(402)944-2050, PO Box 5," Ashland, NE 68003 ",
Atkinson Chamber of Commerce ,,www.atkinsonne.com,(402)925-5571, PO Box 871," Atkinson, NE 68713 ",
Axtell Chamber of Commerce ,,www.axtellne.com,(308)743-2437, PO Box 26," Axtell, NE 68924 ",
Bassett/rock County Chamber of Commerce ,,www.bassettnebr.com,(402)684-3649, PO Box 537," Bassett, NE 68714 ",
Beaver City Chamber of Commerce ,,,(308)268-9966, PO Box 303," Beaver City, NE 68926 ",
Beaver Crossing Chamber of Commerce ,,www.beavercrossingne.com,(402)532-3875, 413 Martin Avenue," Beaver Crossing, NE 68313 ",
Benkelman Chamber of Commerce ,,,, PO Box 661," Benkelman, NE 69021 ",
Bloomfield Chamber of Commerce ,,,(402)373-4150, PO Box 292," Bloomfield, NE 68718 ",
Burwell Chamber of Commerce ,,www.chamber.burwellonline.com,(308)346-5121, PO Box 131," Burwell, NE 68823 ",
Butler County Chamber of Commerce ,,www.davidcityne.com,(402)367-4238, 457 D St," David City, NE 68632 ",
Callaway Chamber of Commerce ,,www.callaway-ne.com,(308)870-2808, PO Box 272," Callaway, NE 68825 ",
Cambridge Chamber of Commerce ,,,(308)697-3711, PO Box Q," Cambridge, NE 69022 ",
Campbell Area Chamber of Commerce ,,www.campbellnebraska.org,(402)756-8851, PO Box 219," Campbell, NE 68932 ",
Central City Area Chamber of Commerce ,,cconline.net,(308)946-3897," 1515 17th St., P.O. Box 418 "," Central City, NE 68826 ",
Chadron Chamber of Commerce ,,www.chadron.com,(308)432-4401, 706 W 3rd St," Chadron, NE 69337 ",
Chadron-Dawes County Area Chamber of Commerce ,,www.chadron.com,(308)432-4401, 706 W 3rd," Chadron, NE 69337 ",
Chappell Chamber ofCommerce ,,,(308)874-2658, PO Box 121," Chappell, NE 69129 ",
Clearwater Chamber of Commerce ,,www.clearwaterne.com,(402)485-2348, 85314 516th Avenue," Clearwater, NE 68726 ",
Crawford Chamber of Commerce ,,www.crawfordnebraska.biz,(308)665-1817, PO Box 145," Crawford, NE 69339 ",
Deshler Chamber of Commerce ,,www.deshlernebraska.com,(419)278-0771, PO Box 449," Deshler, NE 68340 ",
Dorchester Chamber of Commerce ,,,(402)946-4821, 1146 County Road F," Dorchester, NE 68343 ",
Elgin Chamber of Commerce ,,www.elginne.com,(402)843-2411, PO Box 277," Elgin, NE 68636 ",
Elm Creek Chamber of Commerce ,,,(308)856-4913, PO Box 103," Elm Creek, NE 68836 ",
Elwood Chamber of Commerce ,,www.elwoodnebraska.com,(308)785-3366, PO Box 92," Elwood, NE 68937 ",
Eustis Chamber of Commerce ,,www.eustisnebraska.com,(308)486-5615, PO Box 372," Eustis, NE 69028 ",
Garden County Chamber of Commerce ,,www.gardencone.com,(308)772-9990, PO Box 256," Oshkosh, NE 69154 ",
Geneva Chamber of Commerce ,,,(402)366-2595," 145 N 9th St., P.O. Box 85 "," Geneva, NE 68361 ",
Gibbon Chamber of Commerce ,,,, PO Box 56," Gibbon, NE 68840 ",
Gordon Chamber of Commerce ,,,(308)282-0730, 210 North Main St," Gordon, NE 69343 ",
Greater York Area Chamber of Commerce ,,,, 603 N Lincoln Ave," York, NE 68467 ",
Hartington Chamber of Commerce ,,,(402)254-6357," 107 West State St, PO Box 742 "," Hartington, NE 68739 ",
Hebron Chamber of Commerce ,,,(402)768-7156," 329 Lincoln Ave., P.O. Box 172 "," Hebron, NE 68370 ",
Hemingford Chamber of Commerce ,,www.bbc.net/chamber,(308)487-5578, PO Box 51," Hemingford, NE 69348 ",
Hickman Chamber of Commerce ,,www.hickman-ne.com,, 830 E 9th St," Hickman, NE 68372 ",
Humboldt Chamber of Commerce ,,,(402)862-2821, PO Box 125," Humboldt, NE 68376 ",
Imperial Chamber ofCommerce ,,,(308)882-5444, PO Box 82," Imperial, NE 69033 ",
Kimball-Banner County Chamber of Commerce ,,www.kimballbannercountychamber.com,(308)235-3782, 122 South Chestnut St," Kimball, NE 69145 ",
LaVista Area Chamber of Commerce ,,www.lavistachamber.org,(402)339-2078," 7536 S 84th St., B "," La Vista, NE 68128 ",
Long Pine Chamber of Commerce ,,www.cityoflongpine.org,, PO Box 234," Long Pine, NE 69217 ",
Loup City Chamber of Commerce ,,,(308)745-0430, 133 South 8th St," Loup City, NE 68853 ",
Madison Area Chamber of Commerce ,,,(402)454-2251," 209 South Lincoln St, PO Box 287 "," Madison, NE 68748 ",
Madison County Convention & Visitors Bureau ,,,(402)371-2932, 405 Madison Ave," Norfolk, NE 68701 ",
Milford Chamber of Commerce ,,www.milfordnechamber.com,(402)761-3247, PO Box 174," Milford, NE 68405 ",
Minden Chamber of Commerce ,,www.mindenne.com,(308)832-1811, PO Box 375," Minden, NE 68959 ",
Mitchell Chamber of Commerce ,,www.mitchellcity.net,(308)623-1523, PO Box 72," Mitchell, NE 69357 ",
Neligh Chamber of Commerce ,,www.neligh.net,(402)887-4447, 110 E 4th St," Neligh, NE 68756 ",
North Bend Chamber of Commerce ,,www.northbendne.org,(402)652-3221, PO Box 361," North Bend, NE 68649 ",
O'Neill Area Chamber of Commerce ,,www.oneillchamber.org,(402)336-2355, 125 S 4th St," O'Neill, NE 68763 ",
Orleans Chamber of Commerce ,,www.orleansne.com,(308)473-4825, PO Box 464," Orleans, NE 68966 ",
Osceola Chamber of Commerce ,,www.ci.osceola.ne.us,(402)747-2251," PO Box 136, P.O. Box 1 "," Osceola, NE 68651 ",
Pawnee City Chamber of Commerce ,,www.pawneecity.com,(402)852-2444, PO Box 6," Pawnee City, NE 68420 ",
Perkins County Chamber of Commerce ,,www.perkinscountychamber.com,, PO Box 767," Grant, NE 69140 ",
Peru Chamber of Commerce ,,www.ci.peru.ne.us,, PO Box 246," Peru, NE 68421 ",
Pierce Chamber of Commerce ,,www.piercenebraska.com,(402)329-6879, PO Box 82," Pierce, NE 68767 ",
Plainview Chamber of Commerce ,,,(806)296-7431, 306 W Park Avenue," Plainview, NE 68769 ",
Ravenna Chamber of Commerce ,,www.ci.ravenna.ne.us,(308)452-4340, PO Box 56," Ravenna, NE 68869 ",
Red Cloud Chamber of Commerce ,,www.redcloudnebraska.com,(402)746-3238, 413 N Webster St," Red Cloud, NE 68970 ",
Saint Paul Chamber of Commerce ,,www.stpaulnebraska.com,(308)754-5558," 619 Howard Ave., P.O. Box 153 "," Saint Paul, NE 68873 ",
Sandhills Chamber of Commerce ,,,, PO BOX 270," Hyannis, NE 69350 ",
Schuyler Area Chamber of Commerce ,,www.ci.schuyler.ne.us,(402)352-5472, 1107 B St.," Schuyler, NE 68661 ",
Scribner Chamber of Commerce ,,www.scribnernebraska.com,(402)664-2561, PO Box 25," Scribner, NE 68057 ",
Shelby Chamber of Commerce ,,www.ci.shelby.ne.us,(402)527-5198, PO Box 27," Shelby, NE 68662 ",
Stamford Chamber of Commerce ,,,(308)868-2401, PO Box 34," Stamford, NE 68977 ",
Superior Area Chamber of Commerce ,,www.ci.superior.ne.us,, 354 N Commercial Avenue," Superior, NE 68978 ",
Sutherland Chamber of Commerce ,,,(308)386-4345, PO Box 81," Sutherland, NE 69165 ",
Syracuse Area Chamber of Commerce ,,www.gosyracusene.com,(402)269-3242," 320 5th St, PO Box J "," Syracuse, NE 68446 ",
Tekamah Chamber of Commerce ,,,(402)374-2020, PO Box 231," Tekamah, NE 68061 ",
Valentine Chamber of Commerce ,,www.heartcity-ne.com,(402)376-2969," 239 S Main St., P.O. Box 201 "," Valentine, NE 69201 ",
Wahoo Chamber of Commerce ,,www.wahoo.ne.us,(402)443-4001, 640 N Broadway," Wahoo, NE 68066 ",
Waverly Chamber of Commerce ,,,(402)786-2765, PO Box 331," Waverly, NE 68462 ",
Weeping Water Chamber of Commerce ,,www.weepingwaternebraska.com,(402)267-5152, PO Box 286," Weeping Water, NE 68463 ",
West O Chamber of Commerce ,,www.westochamber.org,(402)289-9560," 20801 Elkhorn Dr, P.O. Box 202 "," Elkhorn, NE 68022 ",
Wilber Area Chamber of Commerce ,,www.ci.wilber.ne.us,(402)821-3233, PO Box 1164," Wilber, NE 68465 ",
Wisner Area Chamber of Commerce ,,www.wisnerareachamberofcommerce.com,(402)529-3338, PO Box 296," Wisner, NE 68791 ",
