Albuquerque Hispano Chamber of Commerce ,U.S. Chamber Member,www.ahcnm.org,(505)842-9003, 1309 4th St SW," Albuquerque, NM 87102 ",
Angel Fire Chamber of Commerce ,U.S. Chamber Member,www.angelfirechamber.org/,(575)377-6353," 3407 Highway 434, Centro Plaza "," Angel Fire, NM 87710 ",
Artesia Chamber of Commerce ,U.S. Chamber Member,www.artesiachamber.com,(575)746-2744, PO Box 99," Artesia, NM 88211 ",
Association of Commerce & Industry of New Mexico ,U.S. Chamber Member,www.aci-nm.org,(505)842-0644, PO Box 9706," Albuquerque, NM 87119 ",
Clovis/Curry County Chamber of Commerce ,U.S. Chamber Member,www.clovisnm.org,(575)763-3435, 105 East Grand Ave," Clovis, NM 88101 ",
Gallup Mckinley County Chamber of Commerce ,U.S. Chamber Member,www.thegallupchamber.com,(505)722-2228, 106 West Highway 66," Gallup, NM 87301 ",
Greater Albuquerque Chamber of Commerce ,U.S. Chamber Member,www.abqchamber.com,(505)764-3700," 400 Tijeras Avenue, NW, Suite 100 "," Albuquerque, NM 87102 ",
Greater Las Cruces Chamber of Commerce ,U.S. Chamber Member,www.lascruces.org,(575)524-1968, 105 E Lohman Ave," Las Cruces, NM 88001 ",4 / 5
Rio Rancho Regional Chamber of Commerce ,U.S. Chamber Member,www.rrrcc.org,(505)892-1533," 4001 Southern Boulevard SE, Suite B "," Rio Rancho, NM 87124 ",
Roswell Chamber of Commerce ,U.S. Chamber Member,www.roswellnm.org,(575)623-5695, 131 W 2nd St," Roswell, NM 88201 ",
Ruidoso Valley Chamber of Commerce ,U.S. Chamber Member,www.ruidosonow.com,(575)257-7395, 720 Sudderth Dr," Ruidoso, NM 88345 ",
Alamogordo Chamber of Commerce ,,www.alamogordo.com,(575)437-6120, 1301 North White Sands Blvd," Alamogordo, NM 88310 ",
Aztec Chamber of Commerce ,,www.aztecchamber.com,(505)334-7646, 110 North Ash," Aztec, NM 87410 ",
Bloomfield Chamber of Commerce ,,www.bloomfieldchamber.info,(505)632-0880, 224 West Broadway Ave," Bloomfield, NM 87413 ",
Carlsbad Chamber of Commerce ,,www.carlsbadchamber.com,(575)887-6516, 302 South Canal St," Carlsbad, NM 88220 ",
Deming-Luna County Chamber of Commerce ,,www.demingchamber.com,(575)546-2674, PO Box 8," Deming, NM 88031 ",
Grants/Cibola County Chamber of Commerce ,,www.grants.org,(505)287-4802, PO Box 297," Grants, NM 87020 ",
Las Vegas-San Miguel Chamber of Commerce ,,www.lasvegasnm.org,(505)425-8631, 500 Railroad Ave," Las Vegas, NM 87701 ",
Los Alamos Chamber of Commerce ,,www.losalamoschamber.com,(505)662-8105, 109 Central Park Sq," Los Alamos, NM 87544 ",
Lovington Chamber of Commerce ,,www.lovingtonchamber.org,(575)396-5311, 201 South Main Ave," Lovington, NM 88260 ",
Raton Chamber of Commerce ,,www.raton.info,(575)445-3689, 100 Clayton Rd," Raton, NM 87740 ",
Red River Chamber of Commerce ,,www.redrivernewmex.com/,(575)754-2366, PO Box 870," Red River, NM 87558 ",
Roosevelt County Chamber of Commerce ,,www.portales.com/,(575)356-8541, 100 South Avenue A," Portales, NM 88130 ",
Santa Fe Chamber of Commerce ,,www.santafechamber.com,(505)988-3279, 1644 St. Michael's Dr," Santa Fe, NM 87505 ",
Silver City/Grant County Chamber of Commerce ,,www.silvercity.org,(575)538-3785, PO Box 1028," Silver City, NM 88062 ",
Socorro County Chamber of Commerce ,,www.socorrochamber.org,(575)835-0424, PO Box 743," Socorro, NM 87801 ",
Taos County Chamber of Commerce ,,www.taoschamber.com,(575)751-8800, 1139 Paseo del Pueblo Sur," Taos, NM 87571 ",
Tucumcari/Quay County Chamber of Commerce ,,www.tucumcarinm.com,(575)461-1694," 404 West Route 66, PO Drawer E "," Tucumcari, NM 88401 ",
American Indian Chamber of Commerce Of New Mexico ,,www.aiccnm.com,(505)766-9545," 2401 12th St NW, Ste 5-S "," Albuquerque, NM 87104 ",
Anthony Chamber of Commerce ,,,(915)886-2540, PO Box 1086," Anthony, NM 88021 ",
Aztec C Of C & Visitor Center ,,www.aztecchamber.com,(505)334-9551, 110 N Ash St," Aztec, NM 87410 ",
Belen Chamber of Commerce ,,www.belennm.com,(505)864-8091, 712 Dalies Ave.," Belen, NM 87002 ",
Carrizozo Chamber of Commerce ,,,(505)648-2732, PO Box 567," Carrizozo, NM 88301 ",
Chama Valley Chamber of Commerce ,,www.chamavalley.com,(505)756-2306, PO Box 306," Chama, NM 87520 ",
Cimarron Chamber of Commerce ,,www.cimarronnm.com,(575)376-2417, PO Box 604," Cimarron, NM 87714 ",
Clayton-Union County Chamber of Commerce ,,www.claytonnewmexico.org,(505)374-9253, 1103 South 1st St," Clayton, NM 88415 ",
Cloudcroft Chamber of Commerce ,,www.cloudcroft.net,(505)682-2733, PO Box 1290," Cloudcroft, NM 88317 ",
Columbus Chamber ofCommerce ,,,(505)531-2479, PO Box 350," Columbus, NM 88029 ",
Cuba Chamber of Commerce ,,,(505)289-3514, PO Box 1000," Cuba, NM 87013 ",
Eagle Nest Chamber of Commerce ,,,(575)377-2420, 284 East Therma Dr," Eagle Nest, NM 87718 ",
East Mountain Chamber of Commerce ,,www.eastmountainchamber.com,(505)281-1999, PO Box 2436," Tijeras, NM 87059 ",
Edgewood Chamber of Commerce ,,www.edgewoodchambernm.com,(505)286-2577, PO Box 457," Edgewood, NM 87015 ",
Elephant Butte Chamber of Commerce ,,www.zianet.com/elephantbutte,(575)744-4708, PO Box 1355," Elephant Butte, NM 87935 ",
Espanola Valley Chamber of Commerce ,,www.espanolanmchamber.com,(505)753-2831, 417 Big Rock Shopping Center," Espanola, NM 87532 ",
Eunice Chamber of Commerce ,,,(505)394-2755, PO Box 838," Eunice, NM 88231 ",
Farmington Chamber of Commerce ,,www.gofarmington.com,(505)325-0279, 100 W Broadway," Farmington, NM 87401 ",
Fort Sumner/DeBaca County Chamber of Commerce ,,,(505)355-7705, PO Box 28," Fort Sumner, NM 88119 ",
Hatch Valley Chamber of Commerce ,,,(575)519-4723, PO Box 568," Hatch, NM 87937 ",
Hispano Chamber of Commerce De Las Cruces ,,www.hispanochamberlc.org,(575)524-8900, PO Box 1964," Las Cruces, NM 88004 ",
Jal Chamber of Commerce ,,,(505)395-2620," 101 W Idaho, P.O. Box 1205 "," Jal, NM 88252 ",
Logan/Ute Lake Chamber of Commerce ,,,(505)487-2722, PO Box 277," Logan, NM 88426 ",
Lordsburg-Hidalgo County Chamber of Commerce ,,www.gilanet.com/lordsburgcoc,(505)542-9864, 206 South Main St," Lordsburg, NM 88045 ",
Los Lunas/Bosque Farms Chamber of Commerce ,,www.loslunaschamber.org,(505)865-1581," 3447 Lambros, PO Box 13"," Los Lunas, NM 87031 ",
Magdalena Chamber of Commerce ,,,(575)854-3560, PO Box 281," Magdalena, NM 87825 ",
McKinley County ,,,, PO Box 70," Gallup, NM 87305 ",
Melrose Chamber of Commerce ,,,(505)253-4274, PO Box 216," Melrose, NM 88124 ",
Mora Valley Chamber of Commerce ,,www.morachamber.com,(575)387-6072, PO Box 800," Mora, NM 87732 ",
Mountainair Chamberof Commerce ,,,(505)847-2795, PO Box 595," Mountainair, NM 87036 ",
Raton Hispano Chamber of Commerce ,,,(505)445-8242," 600 Kiowa Ave., P.O. Box 1041 "," Raton, NM 87740 ",
San Jon Chamber of Commerce ,,,(505)357-2146, PO Box 23," San Jon, NM 88434 ",
Santa Rosa Chamber of Commerce ,,,(505)472-3763, 486 Parker Ave.," Santa Rosa, NM 88435 ",
Sierra County/Truthor Consequences Chamber of Com ,,www.truthorconsequencesnm.net,(505)894-3536," 201 S Foch St., P.O. Box 31 "," Truth Or Consequences, NM 87901 ",
Tatum Chamber of Commerce ,,,(575)398-5455, PO Box 814," Tatum, NM 88267 ",
Truth Or Consequences & Sierra County Chamber of C ,,www.truthorconsequencesnm.net,(575)894-3536, 207 S Foch St," Truth Or Consequences, NM 87901 ",
Tularosa Chamber ofCommerce ,,,, 301 Central," Tularosa, NM 88352 ",
