Ashland Area Chamber of Commerce ,U.S. Chamber Member,www.ashlandoh.com,, 211 Claremont Ave," Ashland, OH 44805 ",
Canton Regional Chamber of Commerce ,U.S. Chamber Member,www.cantonchamber.org,(330)456-7253, 222 Market Avenue North," Canton, OH 44702 ",
Celina-Mercer County Chamber of Commerce ,U.S. Chamber Member,www.celinamercer.com/,(419)586-2219, 121 E Logan St," Celina, OH 45822 ",
"Chamber of Comm Serving Middletown, Monroe & Trent ",U.S. Chamber Member,www.thechamberofcommerce.org,(513)422-4551, 1500 Central Ave," Middletown, OH 45044 ",
Chillicothe Ross Chamber of Commerce ,U.S. Chamber Member,www.chillicotheohio.com,(740)702-2722, 45 East Main St," Chillicothe, OH 45601 ",
Cincinnati USA Regional Chamber of Commerce ,U.S. Chamber Member,www.cincinnatichamber.com,(513)579-3100," 3 E Fourth St, Ste 200 "," Cincinnati, OH 45202 ",
Clermont Chamber of Commerce ,U.S. Chamber Member,www.clermontchamber.com,(513)576-5000," 4355 Ferguson Dr, Suite 150 "," Cincinnati, OH 45245 ",
Columbus Chamber of Commerce ,U.S. Chamber Member,www.columbus.org/,(614)225-6917," 150 South Front St, Suite 200 "," Columbus, OH 43215 ",
Darke County Chamber of Commerce ,U.S. Chamber Member,www.darkecountyohio.com,(937)548-2102, 209 E 4th St," Greenville, OH 45331 ",
Dayton Area Chamber of Commerce ,U.S. Chamber Member,www.daytonchamber.org,(937)226-8225," 8 N Main St, Suite 100 "," Dayton, OH 45402 ",5 / 5
Defiance Area Chamber of Commerce ,U.S. Chamber Member,www.defiancechamber.com,(419)782-7946, 325 Clinton St," Defiance, OH 43512 ",
Delaware Area Chamber of Commerce ,U.S. Chamber Member,www.delawareareachamber.com,(740)369-6221, 32 South Sandusky St.," Delaware, OH 43015 ",4 / 5
Delphos Area Chamber of Commerce ,U.S. Chamber Member,www.delphoschamber.com/,(419)695-1771, 310 North Main St.," Delphos, OH 45833 ",
Eastern Lake County Chamber of Commerce ,U.S. Chamber Member,www.easternlakecountychamber.org,(440)357-7572," One Victoria Sq, Suite 265A "," Painesville, OH 44077 ",
Fayette County Chamber of Commerce ,U.S. Chamber Member,www.fayettecountyohio.com,(740)335-0761, 206 E Court St," Washington Court House, OH 43160 ",
Galion Area Chamber of Commerce ,U.S. Chamber Member,www.galionchamber.org,(419)468-7737, 138 Harding Way W," Galion, OH 44833 ",
Gallia County Chamber of Commerce ,U.S. Chamber Member,www.galliacounty.org,(740)446-0596, 16 State St," Gallipolis, OH 45631 ",
Greater Ashtabula Area Chamber of Commerce ,U.S. Chamber Member,www.ashtabulachamber.com,(440)998-6998, 4536 Main Ave.," Ashtabula, OH 44004 ",
Greater Cleveland Partnership ,U.S. Chamber Member,www.gcpartnership.com,(216)621-3300," 1240 Huron Road East, Suite 300 "," Cleveland, OH 44115 ",
Greater Hamilton Chamber of Commerce ,U.S. Chamber Member,www.hamilton-ohio.com,(513)844-1500, 201 Dayton St," Hamilton, OH 45011 ",
Greater Lawrence County Area Chamber of Commerce ,U.S. Chamber Member,www.lawrencecountyohio.org/,(740)377-4550, 216 Collins Ave," South Point, OH 45680 ",
Greater Medina Chamber of Commerce ,U.S. Chamber Member,www.medinaohchamber.com,(330)723-8773, 211 S Court St," Medina, OH 44256 ",
Greater Springfield Chamber of Commerce ,U.S. Chamber Member,www.springfieldnet.com,(937)325-7621," 20 South Limestone St, Suite 100 "," Springfield, OH 45502 ",5 / 5
Lancaster Fairfield County Chamber of Commerce ,U.S. Chamber Member,www.lancoc.org,(740)653-8251," 109 North Broad St, Suite 100 "," Lancaster, OH 43130 ",
Licking County Chamber of Commerce ,U.S. Chamber Member,www.lickingcountychamber.com/,(740)345-9757, PO Box 702," Newark, OH 43058 ",4 / 5
Lima/Allen County Chamber of Commerce ,U.S. Chamber Member,www.limachamber.com/,(419)222-6045," 144 South Main St, Suite 100 "," Lima, OH 45801 ",
Louisville Area Chamber of Commerce ,U.S. Chamber Member,www.louisvilleohchamber.org,(330)875-7371," 308 S Mill St, PO Box 67 "," Louisville, OH 44641 ",
Marietta Area Chamber of Commerce ,U.S. Chamber Member,www.mariettachamber.com/,(740)373-5176," 100 Front St, Suite 200 "," Marietta, OH 45750 ",
Marion Area Chamber of Commerce ,U.S. Chamber Member,www.marionareachamber.org/,(740)382-2181," 267 W Center St, Suite 200 "," Marion, OH 43302 ",
Milford Miami Township Chamber of Commerce ,U.S. Chamber Member,www.milfordmiamitownship.com,(513)831-2411," 745 Center St, Suite 302 "," Milford, OH 45150 ",
New Albany Chamber of Commerce ,U.S. Chamber Member,www.newalbanychamber.com,(614)855-4400, 55 W Main St," New Albany, OH 43054 ",
North Ridgeville Chamber of Commerce ,U.S. Chamber Member,www.nrchamber.com,(440)327-3737, 34845 Lorain Rd," North Ridgeville, OH 44039 ",
Ohio Chamber of Commerce ,U.S. Chamber Member,www.ohiochamber.com,(614)228-4201," 34 S Third St, Suite 100 "," Columbus, OH 43215 ",
Pickerington Area Chamber of Commerce ,U.S. Chamber Member,www.pickeringtonchamber.com,(614)837-1958," 21 Lockville Rd, #100"," Pickerington, OH 43147 ",
Piqua Area Chamber of Commerce ,U.S. Chamber Member,www.piquaareachamber.com,(937)773-2765, PO Box 1142," Piqua, OH 45356 ",
Portsmouth Area Chamber of Commerce ,U.S. Chamber Member,www.portsmouth.org,(740)353-7647, PO Box 509," Portsmouth, OH 45662 ",
Richland Area Chamber of Commerce ,U.S. Chamber Member,www.richlandareachamber.com,(419)522-3211, 55 North Mulberry St," Mansfield, OH 44902 ",
Salem Area Chamber of Commerce ,U.S. Chamber Member,www.salemohiochamber.org,(330)337-3473, 713 East State St," Salem, OH 44460 ",
Solon Chamber of Commerce ,U.S. Chamber Member,www.solonchamber.com,(440)248-5080," 6240 Som Center Rd, Ste 211 "," Cleveland, OH 44139 ",
Southwestern Auglaize County Chamber of Commerce ,U.S. Chamber Member,www.auglaize.org,(419)629-0313," 22 S Water St, PO Box 3 "," New Bremen, OH 45869 ",
Strongsville Chamber of Commerce ,U.S. Chamber Member,,(440)238-3366, 18829 Royalton Rd," Strongsville, OH 44136 ",
Toledo Regional Chamber of Commerce ,U.S. Chamber Member,www.toledochamber.com,(419)243-8191," 300 Madison Ave, #200 "," Toledo, OH 43604 ",5 / 5
Tri-Village Chamber Partnership ,U.S. Chamber Member,www.chamberpartnership.org,(614)486-0196," 2011 Riverside Dr, Lower Level "," Columbus, OH 43221 ",
Union County Chamber of Commerce ,U.S. Chamber Member,www.unioncounty.org,(800)642-0087, 227 East Fifth St," Marysville, OH 43040 ",
Van Wert Area Chamber of Commerce ,U.S. Chamber Member,www.vanwertchamber.com,(419)238-4390, 118 N Washington St," Van Wert, OH 45891 ",
West Chester-Liberty Chamber Alliance ,U.S. Chamber Member,www.sebcchamber.com,(513)777-3600, 8922 Beckett Rd," West Chester, OH 45069 ",
Westerville Area Chamber of Commerce ,U.S. Chamber Member,www.westervillechamber.com,(614)882-8917, 99 Commerce Park Dr," Westerville, OH 43082 ",
Wooster Area Chamber of Commerce ,U.S. Chamber Member,www.woosterchamber.com/,(330)262-5735, 377 West Liberty St," Wooster, OH 44691 ",
Wyandot Chamber of Commerce ,U.S. Chamber Member,www.uppersanduskychamber.com,(419)294-3349," 108 East Wyandot Ave, PO Box 223 "," Upper Sandusky, OH 43351 ",
Youngstown/Warren Regional Chamber of Commerce ,U.S. Chamber Member,www.regionalchamber.com,(330)744-2131," 11 Central Sq, Suite 1600 "," Youngstown, OH 44503 ",
Zanesville-Muskingum County Chamber of Commerce ,U.S. Chamber Member,www.zmchamber.com,(740)455-8282, 205 North 5th St," Zanesville, OH 43701 ",
Beavercreek Chamber of Commerce ,,www.beavercreekchamber.org,(937)426-2202, 3210 Beaver- Vu Dr," Beavercreek, OH 45434 ",
Greater Akron Chamber ,,www.greaterakronchamber.org/,(330)237-1212," 1 Cascade Plaza, 17th Floor"," Akron, OH 44308 ",
Willoughby Western Lake County Chamber of Commerce ,,www.westernlakecountychamber.org,(440)942-1632, 28 Public Square," Willoughby, OH 44094 ",
Alliance Area Chamber of Commerce ,,www.allianceohiochamber.org,(330)823-6260, 210 East Main St," Alliance, OH 44601 ",
Archbold Area Chamber of Commerce ,,www.archboldchamber.com,(419)445-2222, PO Box 102," Archbold, OH 43502 ",
Athens Area Chamber of Commerce ,,www.athenschamber.com,(740)594-2251," 340 W State St, Unit 48 "," Athens, OH 45701 ",
Aurora Chamber of Commerce ,,www.allaboutaurora.com,(330)562-3355," 9 East Garfield Rd, Suite 101 "," Aurora, OH 44202 ",
Beachwood Chamber of Commerce ,,www.beachwood.org/,(216)831-0003," 23355 Mercantile Rd, Ste 1 "," Beachwood, OH 44122 ",
Bellevue Area Chamber of Commerce ,,www.bellevuechamberofcommerce.org,(419)483-2182, 110 West Main St," Bellevue, OH 44811 ",
Belpre Area Chamber of Commerce ,,www.belprechamber.com,(740)423-8934, 713 Park Dr," Belpre, OH 45714 ",
Bowling Green Chamber of Commerce ,,www.bgchamber.net,(419)353-7945, 163 North Main St," Bowling Green, OH 43402 ",
Brimfield Area Chamber of Commerce ,,www.brimfieldchamber.com,(330)673-2170, PO Box 1613," Kent, OH 44240 ",
Broadview Heights Chamber of Commerce ,,www.broadviewhts.org,(440)838-4510, PO Box 470211," Broadview Heights, OH 44147 ",
Bucyrus Area Chamber of Commerce ,,www.bucyrusohio.com,(419)562-4811, 117 E Mansfield St," Bucyrus, OH 44820 ",
Cambridge Area Chamber of Commerce ,,www.cambridgeohiochamber.com,(740)439-6688, 607 Wheeling Ave," Cambridge, OH 43725 ",
Chagrin Valley Chamber of Commerce ,,www.cvcc.org,(440)247-6607, 83 North Main St," Chagrin Falls, OH 44022 ",
Chamber of Commerce of Sandusky County ,,www.scchamber.org,(419)332-1591, 215 Croghan Street," Fremont, OH 43420 ",
Champaign County Chamber of Commerce ,,www.champaigncoc.com,(937)653-5764, 107 North Main St," Urbana, OH 43078 ",
Columbia Chamber of Commerce ,,www.columbiastation.com,(440)236-9053, PO Box 428," Columbia Station, OH 44028 ",5 / 5
Conneaut Area Chamber of Commerce ,,www.conneautchamber.org,(440)593-2402, 235 Main St," Conneaut, OH 44030 ",
Coshocton County Chamber of Commerce ,,www.coshoctonchamber.com/,(740)622-5411, 200 North Whitewoman St," Coshocton, OH 43812 ",
Erie County Chamber of Commerce ,,www.eriecountychamber.com,(419)625-6421, 604 W Washington St," Sandusky, OH 44870 ",
Fairborn Area Chamber of Commerce ,,www.fairborn.com,(937)878-3191, 12 North Central Ave," Fairborn, OH 45324 ",
Findlay-Hancock County Chamber of Commerce ,,www.findlayhancockchamber.com,(419)422-3313, 123 East Main Cross St," Findlay, OH 45840 ",
Grove City Area Chamber of Commerce ,,www.gcchamber.org,(614)875-9762, 4026 Broadway," Grove City, OH 43123 ",
Henry County Chamber of Commerce ,,www.henrycountychamber.org,(419)592-1786, 611 North Perry St," Napoleon, OH 43545 ",
Highland County Chamber of Commerce ,,www.thehighlandchamber.com,(937)393-1111, PO Box 183," Hillsboro, OH 45133 ",
Hilliard Area Chamber of Commerce ,,www.hilliardchamber.org,(614)876-7666, 4081 Main St," Hilliard, OH 43026 ",
Hocking Hills Chamber of Commerce ,,www.hockinghillschamber.com/,(740)385-6836, 96 W Hunter St," Logan, OH 43138 ",
Holmes County Chamber of Commerce ,,www.holmescountychamber.com,(330)674-3975," 6 W Jackson St, Ste A "," Millersburg, OH 44654 ",
Hudson Area Chamber of Commerce ,,www.explorehudson.com,(330)650-0621, 27 E Main St," Hudson, OH 44236 ",
Huron County Chamber of Commerce ,,www.huroncountyohio.com,(419)668-4155, 10 West Main St," Norwalk, OH 44857 ",
Jackson-Belden Chamber of Commerce ,,www.jbcc.org,(330)833-4400, 5735 Wales Avenue NW," Massillon, OH 44646 ",
Jefferson County Chamber of Commerce ,,www.jeffersoncountychamber.com,(740)282-6226," 630 Market St, Suite 4 "," Steubenville, OH 43952 ",
Kent Area Chamber of Commerce ,,www.kentbiz.com,(330)673-9855, 176 East Main St," Kent, OH 44240 ",
Knox County Chamber of Commerce ,,www.knoxchamber.com,(740)393-1111, 400 South Gay St," Mount Vernon, OH 43050 ",
Lakewood Chamber of Commerce ,,www.lakewoodchamber.org,(216)226-2900, 16017 Detroit Ave," Lakewood, OH 44107 ",
Logan County Area Chamber of Commerce ,,www.logancountyohio.com/,(937)599-5121, 100 South Main St," Bellefontaine, OH 43311 ",
Lorain County Chamber of Commerce ,,www.loraincountychamber.com/,(440)328-2554," 226 Middle Ave, 5th Floor "," Elyria, OH 44035 ",
Mason Deerfield Chamber ,,www.necchamber.org,(513)336-0125, 316 West Main St.," Mason, OH 45040 ",
Massillon Area Chamber of Commerce ,,www.massillonohchamber.com/,(330)833-3146, 311 Eris St N," Massillon, OH 44646 ",
Mentor Area Chamber of Commerce ,,www.mentorchamber.org/,(440)255-1616, 6972 Spinach Dr," Mentor, OH 44060 ",
Nigeria USA Chamber Of Commerce ,,,(216)344-0555," 1267 West 9th St, #275"," Cleveland, OH 44113 ",
Nordonia Hills Chamber of Commerce ,,nordoniahillschamber.org,(330)467-8956, PO Box 34," Northfield, OH 44067 ",
North Canton Area Chamber of Commerce ,,www.northcantonchamber.org,(330)499-5100, 121 South Main St," Canton, OH 44720 ",
North Olmsted Chamber of Commerce ,,www.nolmstedchamber.org,(440)777-3368, 30119 Lorain Rd," North Olmsted, OH 44070 ",
Northmont Chamber of Commerce ,,northmontareacoc.chambermaster.com,(937)836-2550, 9 West National Rd," Englewood, OH 45322 ",
Orrville Area Chamber of Commerce ,,www.orrvillechamber.com,(330)682-8881, 132 South Main St," Orrville, OH 44667 ",
Oxford Chamber of Commerce ,,www.oxfordchamber.org,(513)523-5200, 102 W High St," Oxford, OH 45056 ",
Pickaway Chamber of Commerce ,,pickawaychamber.camp7.org/,(740)474-4923, 325 W Main St," Circleville, OH 43113 ",
Port Clinton Area Chamber of Commerce ,,www.portclintonchamber.com,(419)734-5503, 110 Madison St," Port Clinton, OH 43452 ",
Preble County Chamber of Commerce ,,www.preblecountyohio.com/,(937)456-4949, PO Box 303," Eaton, OH 45320 ",
Ravenna Area Chamber of Commerce ,,www.ravennaareachamber.com,(330)296-3886, 135 East Main St," Ravenna, OH 44266 ",
Reynoldsburg Area Chamber of Commerce ,,www.reynoldsburgchamber.com,(614)866-4753, 1580 Brice Rd," Reynoldsburg, OH 43068 ",
Rocky River Chamber of Commerce ,,www.rockyriverchamber.com,(440)331-1140, 19543 Center Ridge Rd," Rocky River, OH 44116 ",
Seneca Regional Chamber of Commerce ,,www.tiffinchamber.com,(419)447-4141," 19 West Market St, Suite C "," Tiffin, OH 44883 ",
Sidney-Shelby County Chamber of Commerce ,,www.sidneyshelbychamber.com,(937)492-9122," 101 South Ohio Ave, Floor 2 "," Sidney, OH 45365 ",
South Metro Regional Chamber of Commerce ,,www.smrcoc.org,(937)433-2032," 683 Miamisburg Centerville Rd, Suite 210 "," Dayton, OH 45459 ",
South Summit Chamber of Commerce ,,www.southsummitchamber.org,(330)745-3141, 211 2nd St NW," Barberton, OH 44203 ",
Southern Columbiana County Chamber of Commerce ,,www.sccregionalchamber.org,(330)385-0845, PO Box 94," East Liverpool, OH 43920 ",
St. Marys Chamber of Commerce ,,www.stmarysohio.org,(419)300-4611, 301 East Spring St," Saint Marys, OH 45885 ",
Streetsboro Area Chamber of Commerce ,,www.streetsborochamber.org,(330)626-4769," 9205 State Route 43, Suite 202 "," Streetsboro, OH 44241 ",
Tipp City Area Chamber of Commerce ,,,(937)667-8300, 12 South Third St," Tipp City, OH 45371 ",
Tuscarawas County Chamber of Commerce ,,www.tuschamber.com,(330)343-4474, 1323 Fourth St NW," New Philadelphia, OH 44663 ",
Twinsburg Chamber of Commerce ,,www.twinsburgchamber.com/,(330)963-6249, 9044 Church St," Twinsburg, OH 44087 ",
Wapakoneta Area Chamber of Commerce ,,www.wapakoneta.com,(419)738-2911, 8 N Blackhoof St," Wapakoneta, OH 45895 ",
Wauseon Chamber of Commerce ,,www.wauseonchamber.com/,(419)335-9966, PO Box 217," Wauseon, OH 43567 ",
Wilmington Clinton County Chamber of Commerce ,,www.wccchamber.com,(937)382-2737, 100 Main St," Wilmington, OH 45177 ",
Worthington Area Chamber of Commerce ,,www.worthingtonchamber.org,(614)888-3040," 90 E Wilson Bridge Rd, #100 "," Worthington, OH 43085 ",
Xenia Area Chamber of Commerce ,,xacc.com,(937)372-3591, 334 West Market St," Xenia, OH 45385 ",
Ada Area Chamber ofCommerce ,,,(419)634-0936, PO Box 225," Ada, OH 45810 ",
African American Chamber of Commerce ,,www.african-americanchamber.com,(513)751-9900, 2945 Gilbert Ave.," Cincinnati, OH 45206 ",
Anderson Area Chamber of Commerce ,,,(513)474-4802, 8072b Beechmont Ave.," Cincinnati, OH 45255 ",4 / 5
Andover Area Chamber of Commerce ,,,(440)293-7116, PO Box 503," Andover, OH 44003 ",
Antwerp Chamber of Commerce ,,www.antwerpohio.org,(419)258-1722, PO Box 1111," Antwerp, OH 45813 ",
Baltimore Area Chamber of Commerce ,,,(740)862-4549, 311 Buchanan," Baltimore, OH 43105 ",
Barnesville Area Chamber of Commerce ,,www.barnesvilleohio.com,(740)425-4300, 130 West Main St," Barnesville, OH 43713 ",
Bellaire Area Chamber of Commerce ,,,(740)676-9723, PO Box 428," Bellaire, OH 43906 ",
Bellbrook-Sugarcreek Area Chamber of Commerce ,,bellbrooksugarcreekchamber.com,(937)848-4930, 64 W Franklin St.," Bellbrook, OH 45305 ",
Bellville Chamber of Commerce ,,www.bellvilleohio.net,(419)886-2245," 142 Park Pl, P.O. Box 670 "," Bellville, OH 44813 ",
Berea Chamber of Commerce ,,www.bereaohio.com,(440)243-8415," 173 Front St., P.O. Box 232 "," Berea, OH 44017 ",
Beverly-waterford Area Chamber of Commerce ,,www.bwchamber.net,, PO Box 908," Beverly, OH 45715 ",
Bexley Area Chamberof Commerce ,,,(614)235-8694, 12242 East Main St," Columbus, OH 43209 ",
Blanchester Area Chamber of Commerce ,,www.blanchester-area-today.org,(937)783-3601, PO Box 274," Blanchester, OH 45107 ",
Bluffton Area Chamber of Commerce ,,www.explorebluffton.com,(419)369-2985, PO Box 142," Bluffton, OH 45817 ",
Brecksville Chamberof Commerce ,,,(440)526-7350, 49 Public Sq," Brecksville, OH 44141 ",
Bremen Chamber of Commerce ,,,(740)569-4121," 119 Main St., P.O. Box 105 "," Bremen, OH 43107 ",
Bridgeport Area Chamber of Commerce ,,,(740)635-3377, PO Box 86," Bridgeport, OH 43912 ",
Brook Park Chamber of Commerce ,,www.bpcoc.com,(216)898-9755, 17400 Holland Rd," Brook Park, OH 44142 ",
Brookville Chamber of Commerce ,,,(937)833-2375," 130 Main St., P.O. Box 84 "," Brookville, OH 45309 ",
Brown County Chamber of Commerce ,,www.browncountyohiochamber.com,(937)378-4784, PO Box 21606," Georgetown, OH 45121 ",
Brunswick Area Chamber of Commerce ,,www.brunswickoh.org,(330)225-8411, 1324 Pearl Rd," Brunswick, OH 44212 ",
Bryan Area Chamber of Commerce ,,bryanchamber.org,(419)636-2247, 138 S Lynn St.," Bryan, OH 43506 ",
Burton Chamber of Commerce ,,www.burtonchamberofcommerce.org,(440)834-4204," E Park St., P.O. Box 537 "," Burton, OH 44021 ",
Byesville Board of Trade ,,,(740)685-8625," 236 E Main, P.O. Box 268 "," Byesville, OH 43723 ",
Calcutta Area Chamber of Commerce ,,,(330)386-6060, PO Box 2636," Calcutta, OH 43920 ",
Camden Area Chamberof Commerce ,,,(937)452-1684, PO Box 90," Camden, OH 45311 ",
Canal Fulton Area Chamber of Commerce ,,,(330)854-4177," 116 S Canal St., P.O. Box 636 "," Canal Fulton, OH 44614 ",
Canal Winchester Area Chamber of Commerce ,,www.canalwinchester.com,(614)837-1556, 20 N High St.," Canal Winchester, OH 43110 ",
Carey Area Chamber of Commerce ,,www.wyandotonline.com/careychamber/defau,(419)396-7856," 132 E Findlay St, P.O. Box 94 "," Carey, OH 43316 ",
Carlisle Area Chamber of Commerce ,,,(937)746-1810, PO Box 8238," Carlisle, OH 45005 ",
Carroll County Chamber of Commerce ,,www.pages.eohio.net/carrollchamber,(330)627-4811, 61 N Lisbon St," Carrollton, OH 44615 ",
Chardon Area Chamber of Commerce ,,www.chardonchamber.com,(440)285-9050," 107 South St, #206"," Chardon, OH 44024 ",
Chesterland Chamberof Commerce ,,www.chesterlandchamber.com,(440)729-7297, 8402 Mayfield Rd.," Chesterland, OH 44026 ",
Clintonville Area Chamber of Commerce ,,www.clintonvillechamber.com,(614)262-2790, 4219 N High St," Columbus, OH 43214 ",
Coldwater Area Chamber of Commerce ,,,(419)678-4882, PO Box 57," Coldwater, OH 45828 ",
Columbiana Area Chamber of Commerce ,,www.columbianachamber.com,(330)482-3822, 333 N Main St," Columbiana, OH 44408 ",
Columbus Grove AreaChamber of Commerce ,,www.columbusgroveoh.com/,(419)659-5524, PO Box 3," Columbus Grove, OH 45830 ",
Covington Area Chamber of Commerce ,,,(937)473-3420, PO Box 183," Covington, OH 45318 ",
Cuyahoga Falls Chamber of Commerce ,,www.cuyahogafallschamberofcomm,(330)929-6756," 2020 Front St., 103 "," Cuyahoga Falls, OH 44221 ",
Cuyahoga Valley Chamber of Commerce ,,www.cuyahogavalleychamber.com,(216)573-2707, PO Box 31326," Independence, OH 44131 ",
Dalton Area Chamberof Commerce ,,www.daltonohchamber.com,(330)828-8480, PO Box 168," Dalton, OH 44618 ",
Delta Chamber of Commerce ,,www.deltachamberofcommerce.org,(419)822-3089, PO Box 96," Delta, OH 43515 ",
Deshler Chamber of Commerce ,,www.deshlerohiochamber.com,(419)278-0771, PO Box 123," Deshler, OH 43516 ",
Dublin Chamber of Commerce ,,www.dublinchamber.org,(614)889-2001, 129 S High St.," Dublin, OH 43017 ",
East Cleveland Chamber of Commerce ,,,(216)761-5701," 1801 Charles Rd., #7 "," East Cleveland, OH 44112 ",
East Palestine Area Chamber of Commerce ,,,(330)426-2128," 81 N Market St, P.O. Box 329 "," East Palestine, OH 44413 ",
Eastern Maumee Bay Chamber of Commerce ,,www.embchamber.org,(419)693-5580, 4209 Corduroy Rd.," Oregon, OH 43616 ",
Eastlake Chamber ofCommerce ,,,(440)951-3600, 35150 Lake Shore Blvd.," Eastlake, OH 44095 ",
Edgerton Chamber of Commerce ,,,(567)210-1405, 113 N Michigan Ave.," Edgerton, OH 43517 ",
Edon Area Chamber of Commerce ,,,(419)272-3394, PO Box 19," Edon, OH 43518 ",
Euclid Chamber of Commerce ,,www.euclidchamber.com,(216)731-9322, 22639 Euclid Avenue," Euclid, OH 44117 ",
Fairlawn Area Chamber of Commerce ,,www.fairlawnareachamber.org,(330)849-0402, PO Box 13388," Fairlawn, OH 44334 ",
Fayette Area Chamber of Commerce ,,,(419)237-2036," 114 W Main St., P.O. Box 8 "," Fayette, OH 43521 ",
Fort Recovery Chamber of Commerce ,,www.bright.net/~fortrecovery,(419)375-2530, PO Box 671," Fort Recovery, OH 45846 ",
Franklin Area Chamber of Commerce ,,www.franklinohio.com/chamber,(937)746-8457," 201 E 2nd St., 9 "," Franklin, OH 45005 ",
Gahanna Area Chamber of Commerce ,,www.gahannaareachamber.com,(614)471-0451, 94 N High St.," Columbus, OH 43230 ",
Galion-Crestline Area Chamber of Commerce ,,,(419)468-7737, 312 N Seltzer St.," Crestline, OH 44827 ",
Garfield Heights Chamber of Commerce ,,www.garfieldchamber.com,(216)475-7775, 5522 Turney Rd," Garfield Heights, OH 44125 ",
Garrettsville-HiramArea Chamber of Commerce ,,,(330)527-5850, PO Box 1," Garrettsville, OH 44231 ",
Geneva Area Chamberof Commerce ,,www.genevachamber.org,(440)466-8694, 866 E Main St.," Geneva, OH 44041 ",
Geneva-on-the-Lake Chamber of Commerce ,,www.ncweb.com/gol,(440)466-8600, 5536 Lake Rd.," Geneva, OH 44041 ",
Genoa Area Chamber of Commerce ,,,(419)855-2001, PO Box 141," Genoa, OH 43430 ",
Germantown Chamber of Commerce ,,,(937)855-4141, PO Box 212," Germantown, OH 45327 ",
Gnadenhutten Chamber of Commerce ,,www.gnaden.tusco.net,(740)254-4307, PO Box 155," Gnadenhutten, OH 44629 ",
Grand Rapids Area Chamber of Commerce ,,,(419)832-1106, PO Box 391," Grand Rapids, OH 43522 ",
Granville Area Chamber Of Commerce ,,,(740)587-4490, PO Box 603," Granville, OH 43023 ",
Greater Buckeye Lake Chamber of Commerce ,,www.buckeyelakecc.com,(740)928-7100, PO Box 5," Buckeye Lake, OH 43008 ",
Greater Powell Area Chamber of Commerce ,,www.powellchamber.com,(614)888-1090," 50 S Liberty St, Ste 170 "," Powell, OH 43065 ",
Hamilton Chamber of Commerce ,,www.ci.hamilton.tx.us,(513)844-1500, 201 Dayton St," Hamilton, OH 45011 ",
Hamilton County Chamber of Commerce ,,,(513)984-6555, PO Box 42250," Cincinnati, OH 45242 ",
Harrison Reg. Chamber of Commerce ,,,(740)827-3809," 143 S Main St, P.O. Box 96 "," Cadiz, OH 43907 ",
Heights Reg. Chamber of Commerce ,,www.hrcc.org,(216)397-7322," 3109 Mayfield Road, Ste 202 "," Cleveland, OH 44118 ",
Heights-Hillcrest Regional Chamber of Commerce ,,www.hrcc.org,(216)397-7322," 4320 Mayfield Rd, Suite 212 "," South Euclid, OH 44121 ",
Hicksville Area Chamber of Commerce ,,,(419)542-6337," 136 E High, P.O. Box 324 "," Hicksville, OH 43526 ",
Hinckley Chamber ofCommerce ,,,(330)278-2066, PO Box 417," Hinckley, OH 44233 ",
Holland/SpringfieldChamber of Commerce ,,www.hschamber.com/,(419)865-2110, 7617 Angola Rd," Holland, OH 43528 ",
Hubbard Area Chamber of Commerce ,,,(330)534-5120," 220 W Liberty St., P.O. Box 177 "," Hubbard, OH 44425 ",
Huber Heights Chamber of Commerce ,,huberheightschamber.com,(937)233-5700, 6360 Brandt Pike," Dayton, OH 45424 ",
Huron Chamber of Commerce ,,www.huron.net,(419)433-5700, 509 Huron St," Huron, OH 44839 ",
Indian Lake Area Chamber of Commerce ,,,(937)843-5392, 126 Orchard Island Rd.," Russells Point, OH 43348 ",
Jackson Area Chamber of Commerce ,,www.jacksoncountyohio.org,(740)286-2722, 234 Broadway St," Jackson, OH 45640 ",
Jamestown Chamber of Commerce ,,,(937)675-9321," 1 W Washington St, PO Box 66 "," Jamestown, OH 45335 ",
Jefferson Area Chamber of Commerce ,,www.jeffersonchamber.com,(440)576-0333, PO Box 100," Jefferson, OH 44047 ",
Kelleys Island Chamber of Commerce ,,www.kelleysislandchamber.com,(419)746-2360, 103 Division St.," Kelleys Island, OH 43438 ",
Kettering-Moraine-Oakwood Chamber of Commerce ,,www.kmo-coc.org,(937)299-3852, 2977 Far Hills Ave.," Dayton, OH 45419 ",
Kinsman Area Chamber of Commerce ,,,(330)876-5943, PO Box 11," Kinsman, OH 44428 ",
Lake Township Chamber of Commerce ,,www.lakechamber.com,(330)877-5500, PO Box 1207," Hartville, OH 44632 ",
Lebanon Area Chamber of Commerce ,,www.lebanonchamber.org,(513)932-1100," 212 N Broadway, Suite #2 "," Lebanon, OH 45036 ",
Leipsic Area Chamber of Commerce ,,,(419)943-2009, 142 E Main St.," Leipsic, OH 45856 ",
Lewisburg Area Chamber of Commerce ,,www.lewisburg.net,(937)962-4377, PO Box 697," Lewisburg, OH 45338 ",
Lisbon Area Chamberof Commerce ,,,(330)424-1803, PO Box 282," Lisbon, OH 44432 ",
Lodi Area Chamber of Commerce ,,www.lodiohiochamber.com,, PO Box 6," Lodi, OH 44254 ",
Loudonville-MohicanArea Chamber of Commerce ,,www.loudonville-mohican.com,(419)994-4789, 249 W Main St.," Loudonville, OH 44842 ",
Loveland Area Chamber of Commerce ,,www.lovelandchamber.org,(513)683-1544, 123 South 2nd St," Loveland, OH 45140 ",
Madison County Chamber of Commerce ,,www.madisoncountychamber.org,(740)852-2250, 730 Keny Blvd.," London, OH 43140 ",
Marblehead Peninsula Chamber of Commerce ,,www.themarbleheadpeninsula.com,(419)734-9777, 110 West Main St," Lakeside-Marblehead, OH 43440 ",
Martins Ferry Area Chamber of Commerce ,,www.martinsferrychamber.com,(740)633-2565, 108 South Zane Hwy," Martins Ferry, OH 43935 ",
Mason Deerfield Chamber of Commerce ,,,(513)336-0125, 316 W Main St," Mason, OH 45040 ",
Maumee Chamber of Commerce ,,www.maumeechamber.com,(419)893-5805, 605 Conant St," Maumee, OH 43537 ",
Mayfield Area Chamber of Commerce ,,,(440)252-4138, 1280 Som Ctr. Rd. #308," Cleveland, OH 44124 ",
Meigs County Chamber of Commerce ,,www.meigscountyohio.com,(740)992-5005, 238 W Main St.," Pomeroy, OH 45769 ",
Middleburg Heights Chamber of Commerce ,,www.middleburgheightschamber.com,(440)243-5599," 16000 Bagley Rd., P.O. Box 30161 "," Middleburg Heights, OH 44130 ",
Middlefield Chamber of Commerce ,,www.middlefieldcc.com,(440)632-5705, PO Box 801," Middlefield, OH 44062 ",
Milan Chamber of Commerce ,,www.milanohiochamber.com,(419)499-4909, PO Box 544," Milan, OH 44846 ",
Minerva Area Chamber of Commerce ,,www.minervachamber.org,(330)868-7979, 203 N Market St," Minerva, OH 44657 ",
Monroe County Chamber of Commerce ,,www.monroechamber.com,(740)472-5499," 117 North Main St, P.O. Box 643 "," Woodsfield, OH 43793 ",
Montpelier Area Chamber of Commerce ,,www.montpelierchamber.com,(419)485-4416, 319 W Main St.," Montpelier, OH 43543 ",
Morrow Area Chamberof Commerce ,,www.morrowchamber.com,(513)899-4466," 202 W Pike St., P.O. Box 164 "," Morrow, OH 45152 ",
Morrow County Chamber of Commerce ,,www.morrowcochamber.com,(419)946-2821," 9 1/2 W High St., P.O. Box 174 "," Mount Gilead, OH 43338 ",
Nelsonville Area Chamber of Commerce ,,,(740)753-4346, PO Box 276," Nelsonville, OH 45764 ",
New Carlisle Area Chamber of Commerce ,,www.newcarlisle.net,(937)845-3911, 131 S Main St," New Carlisle, OH 45344 ",
New Concord Bd. Of Trade ,,www.ncboardoftrade.com,(740)826-5074, 200 S Friendship Dr," New Concord, OH 43762 ",
New Concord Board of Trade ,,,(740)826-7671, PO Box 10," New Concord, OH 43762 ",
New Paris Area Chamber of Commerce ,,,(937)437-5411, PO Box 101," New Paris, OH 45347 ",
Newcomerstown Chamber of Commerce ,,,(740)498-7244, PO Box 456," Newcomerstown, OH 43832 ",
Newton Falls Area Chamber of Commerce ,,,," 20 S Canal St., P.O. Box 268 "," Newton Falls, OH 44444 ",
Noble County Chamber of Commerce ,,www.noblecountychamber.com,(740)732-5288, PO Box 41," Caldwell, OH 43724 ",
North Baltimore Area Chamber of Commerce ,,,(419)257-3523, PO Box 284," North Baltimore, OH 45872 ",
North Coast Chamber of Commerce ,,www.avonlakeavoncc.com,(440)933-9311, PO Box 275," Avon Lake, OH 44012 ",
North Royalton Chamber of Commerce ,,www.community.cleveland.com/cc/nrcc,(440)237-6180," 13737 State Rd., P.O. Box 33122 "," North Royalton, OH 44133 ",
Norwood Chamber of Commerce ,,www.norwoodchamber.org,(513)956-7935, PO Box 12144," Cincinnati, OH 45212 ",
Oak Harbor Area Chamber of Commerce ,,,(419)898-0479, 178 W Water St.," Oak Harbor, OH 43449 ",
Oak Hill Area Chamber of Commerce ,,,(740)682-3021, PO Box 354," Oak Hill, OH 45656 ",
Oberlin Area Chamber of Commerce ,,,(440)774-6262," 7 N Main St., 117 "," Oberlin, OH 44074 ",
Olmsted Chamber of Commerce ,,www.olmstedchamber.org,(440)235-0032, PO Box 38043," Olmsted Falls, OH 44138 ",
Orwell-Grand ValleyArea Chamber of Commerce ,,www.orwellgvchamber.org,(440)437-5782, PO Box 261," Orwell, OH 44076 ",
Ottawa Area Chamber Of Commerce ,,,(419)523-3141, 129 Court St," Ottawa, OH 45875 ",
Ottawa Area Chamberof Commerce ,,www.ottawachamber.org,(419)523-3141, Sky Bank Bldg.," Ottawa, OH 45875 ",
Over the Rhine Chamber of Commerce ,,www.otrchamber.com,(513)512-5668, 222 E 14th St.," Cincinnati, OH 45202 ",
Pandora Area Chamber of Commerce ,,www.pandoraoh.com,(419)384-3112, PO Box 193," Pandora, OH 45877 ",
Parkman Chamber of Commerce ,,,(440)548-2712, PO Box 525," Parkman, OH 44080 ",
Parma Area Chamber of Commerce ,,www.parmaareachamber.org,(440)886-1700," 5255 Regency Dr., 201 "," Cleveland, OH 44129 ",
Pataskala Area Chamber of Commerce ,,www.pataskalachamber.com,(740)964-6100, PO Box 132," Pataskala, OH 43062 ",
Paulding Chamber ofCommerce ,,www.pauldingchamber.org,(419)399-5215, P.O Box 237," Paulding, OH 45879 ",
Perry County Chamber of Commerce ,,www.perrycountyohiocofc.com,(740)342-3547, 121 S Main St," New Lexington, OH 43764 ",
Perrysburg Area Chamber of Commerce ,,www.perrysburgchamber.com,(419)874-9147, 105 W Indiana Ave.," Perrysburg, OH 43551 ",
Pike County Chamberof Commerce ,,www.pikechamber.org,(740)947-7715, 12455 St. Rt. 104," Waverly, OH 45690 ",
Pioneer Area Chamber of Commerce ,,www.pioneerchamber.net,(419)737-2919," 15151 County Rd. 15, P.O. Box 633 "," Pioneer, OH 43554 ",
Powell Area Chamber of Commerce ,,www.powellchamber.com,(614)888-1090, PO Box 2008," Powell, OH 43065 ",
Put-In-Bay Chamber of Commerce ,,www.put-in-bay.com,(419)285-2832," 250 Delaware Ave., P.O. Box 250 "," Put-in-Bay, OH 43456 ",
Reading Chamber of Commerce ,,,(513)733-5500, PO Box 15164," Reading, OH 45215 ",
Rittman Area Chamber of Commerce ,,,(330)925-4828, 8 N Main St.," Rittman, OH 44270 ",
Riverside Area Chamber of Commerce ,,www.riversidechamber.com,(937)253-6479," 5100 Springfield St, Ste 105 "," Dayton, OH 45431 ",
Rockford Chamber of Commerce ,,,(419)363-9779, PO Box 175," Rockford, OH 45882 ",
Rootstown Area Chamber of Commerce ,,www.rootstownchamber.org,, PO Box 254," Rootstown, OH 44272 ",
Saint Clairsville Area Chamber of Commerce ,,www.stcchamber.com,(740)695-9623, 130 W Main St.," Saint Clairsville, OH 43950 ",
Sebring Area Chamber of Commerce ,,,(330)938-9340, 135 E Ohio Ave.," Sebring, OH 44672 ",
Seville Chamber of Commerce ,,,(330)769-1522, PO Box 471," Seville, OH 44273 ",
Sharonville Chamber of Commerce ,,www.sharonvillechamber.com,(513)554-1722, 2704 East Kemper Rd," Cincinnati, OH 45241 ",
Southeastern Franklin County Chamber of Commerce ,,www.chambersefc.com,(614)836-1138, 400 Sheryl Rd," Groveport, OH 43125 ",
Spencerville Chamber of Commerce ,,www.spencervilleoh.com,, PO Box 32," Spencerville, OH 45887 ",
Spring Valley Area Chamber of Commerce ,,,(937)862-4110, PO Box 396," Spring Valley, OH 45370 ",
Springboro Area Chamber of Commerce ,,www.springboroohio.org,(937)748-0074, 325 S Main St.," Springboro, OH 45066 ",
Stow-Munroe Falls Chamber of Commerce ,,www.smfcc.com,(330)688-1579," 4301 Darrow Rd., Suite 2450 "," Stow, OH 44224 ",
Stryker Chamber of Commerce ,,www.strykerchamber.org,(419)682-2301, PO Box 58," Stryker, OH 43557 ",
Sunbury/Big Walnut Area Chamber of Commerce ,,,(740)965-2860," 130 Stelzer Ct., P.O. Box 451 "," Sunbury, OH 43074 ",
Swanton Area Chamber of Commerce ,,village.swanton.oh.us,(419)826-1941, 100 Broadway," Swanton, OH 43558 ",
Sylvania Area Chamber of Commerce ,,www.sylvaniachamber.org,(419)882-2135, 5632 Main St," Sylvania, OH 43560 ",
Tallmadge Chamber of Commerce ,,www.tallmadgechamber.com,(330)633-5417, 80 Community Rd," Tallmadge, OH 44278 ",
The Chamber Of Commerce ,,,513-422-451, 1500 Central Ave," Middletown, OH 45044 ",
Toronto Chamber of Commerce ,,,(740)537-1250, 228 Highaven Dr.," Toronto, OH 43964 ",
Toronto Ohio Chamber of Commerce ,,www.toronto-ohio-chamber.com,(740)537-4355, 214 Main St," Toronto, OH 43964 ",
Tri-City Chamber ofCommerce ,,,(216)491-6400, PO Box 22098," Beachwood, OH 44122 ",
Trotwood Chamber ofCommerce ,,www.trotwoodchamber.org,(937)837-1484, 4000 Lake Center Dr," Dayton, OH 45426 ",
Twin City Chamber of Commerce ,,www.twincitychamber.org,(740)922-5623, PO Box 49," Uhrichsville, OH 44683 ",
Valley City Chamber of Commerce ,,www.valleycity.org,(330)483-1111, PO Box 304," Valley City, OH 44280 ",
Vermilion Chamber of Commerce ,,vermilionchamber.net,(440)967-4477, 5495 Liberty Ave.," Vermilion, OH 44089 ",
Vinton County Chamber of Commerce ,,www.vintoncounty.com,(740)596-5033," 104 W Main St., P.O. Box 307 "," McArthur, OH 45651 ",
Wadsworth Chamber of Commerce ,,www.wadsworthcity.com,(330)336-6150, 180 High St.," Wadsworth, OH 44281 ",
Waterville Area Chamber of Commerce ,,,(419)878-5188," 122 Farnsworth Rd., P.O. Box 74 "," Waterville, OH 43566 ",
Waynesburg Area Business Association ,,,(330)866-3722, PO Box 394," Waynesburg, OH 44688 ",
Waynesville Area Chamber of Commerce ,,www.waynesvilleohio.com,(513)897-8855, 10-B N Main St.," Waynesville, OH 45068 ",
Wellington Area Chamber of Commerce ,,www.villageofwellington.com,(440)647-2222, PO Box 42," Wellington, OH 44090 ",
Wellston Area Chamber of Commerce ,,,(740)384-3051, 203 E Broadway St.," Wellston, OH 45692 ",
Wellsville Area Chamber of Commerce ,,www.wellsvilleareachamber.com,(330)532-2120, PO Box 636," Wellsville, OH 43968 ",
West Lafayette Chamber of Commerce ,,www.westlafayettevillage.com,(740)545-9370, PO Box 113," West Lafayette, OH 43845 ",
West Milton Area Chamber of Commerce ,,,(937)698-3055, PO Box 3," West Milton, OH 45383 ",
West Shore Chamber of Commerce ,,www.westshorechamber.org,(440)835-8787, 1100 Crocker Rd," Westlake, OH 44145 ",
West Unity Area Chamber of Commerce ,,,(419)924-2952," 107 S High St., P.O. Box 263 "," West Unity, OH 43570 ",
Weston Area Chamber of Commerce ,,www.westonchamber.org,(419)669-4067, 13152 Main St," Weston, OH 43569 ",
Whitehall Area Chamber of Commerce ,,www.whitehallchamber.org,, PO Box 13607," Whitehall, OH 43213 ",
Whitehouse Chamber of Commerce ,,www.whitehouseohchamber.com,(419)877-2747, PO Box 2746," Whitehouse, OH 43571 ",
Willard Area Chamber of Commerce ,,,(419)935-1888, 16 S Myrtle Avenue," Willard, OH 44890 ",
Willowick Chamber of Commerce ,,,(440)585-5765, 30435 Lakeshore Blvd.," Willowick, OH 44095 ",
Yellow Springs Chamber of Commerce ,,www.yellowspringsohio.org,(937)767-2686, 101 Dayton St," Yellow Springs, OH 45387 ",
Zanesfield Area Chamber of Commerce ,,,(937)593-4229, PO Box 100," Zanesfield, OH 43360 ",
