Ardmore Chamber of Commerce ,U.S. Chamber Member,www.chamber.ardmore.org,(580)223-7765, 410 West Main St," Ardmore, OK 73401 ",4 / 5
Bartlesville Area Chamber of Commerce ,U.S. Chamber Member,www.bartlesville.com,(918)336-8708, 201 SW Keeler," Bartlesville, OK 74003 ",
Bixby Metro Chamber of Commerce ,U.S. Chamber Member,www.bixbychamber.com,(918)366-9445, Po Box 158," Bixby, OK 74008 ",
Bristow Chamber of Commerce ,U.S. Chamber Member,www.bristowchamber.com,(918)367-5151, PO Box 127," Bristow, OK 74010 ",
Broken Arrow Chamber of Commerce ,U.S. Chamber Member,www.brokenarrow.org,(918)251-1518," 210 North Main, Suite C "," Broken Arrow, OK 74012 ",
Choctaw Area Chamber of Commerce ,U.S. Chamber Member,www.choctawcity.org,(405)390-3303, PO Box 1000," Choctaw, OK 73020 ",
Claremore Area Chamber of Commerce ,U.S. Chamber Member,www.claremore.org,(918)341-2818, 419 West Will Rogers Blvd," Claremore, OK 74017 ",
Clinton Chamber of Commerce ,U.S. Chamber Member,www.clintonok.org,(580)323-2222, 101 South 4th St," Clinton, OK 73601 ",
Cushing Chamber of Commerce & Industry ,U.S. Chamber Member,www.cushingchamber.org,(918)225-2400, 1301 East Main St," Cushing, OK 74023 ",
Durant Area Chamber of Commerce ,U.S. Chamber Member,www.durantchamber.org,(580)924-0848, 215 North 4th Ave," Durant, OK 74701 ",
Edmond Area Chamber of Commerce ,U.S. Chamber Member,www.edmondchamber.com,(405)341-2808," 825 East 2nd St, Suite 100 "," Edmond, OK 73034 ",5 / 5
Glenpool Chamber of Commerce ,U.S. Chamber Member,www.glenpoolchamber.org,(918)322-3505, PO Box 767," Glenpool, OK 74033 ",
Greater Oklahoma City Chamber of Commerce ,U.S. Chamber Member,www.okcchamber.com,(405)297-8900, 123 Park Avenue," Oklahoma City, OK 73102 ",
Harrah Chamber of Commerce ,U.S. Chamber Member,www.harrahchamberofcommerce.com,(405)454-2190, 1971 Church Ave," Harrah, OK 73045 ",
Jenks Chamber of Commerce ,U.S. Chamber Member,www.jenkschamber.com,(918)299-5005," 115 South First St, PO Box 902 "," Jenks, OK 74037 ",
Lawton Fort Sill Chamber of Commerce ,U.S. Chamber Member,www.lawtonfortsillchamber.com,(580)355-3541, PO Box 1376," Lawton, OK 73502 ",5 / 5
Moore Chamber of Commerce ,U.S. Chamber Member,www.moorechamber.com,(405)794-3400, PO Box 6305," Moore, OK 73153 ",
Mustang Chamber of Commerce ,U.S. Chamber Member,www.mustangchamber.com,(405)376-2758," 1125 West State Hwy 152, Suite 103 "," Mustang, OK 73064 ",
Northwest Oklahoma City Chamber of Commerce ,U.S. Chamber Member,www.nwokc.com,(405)789-1256, PO Box 144," Bethany, OK 73008 ",
Owasso Chamber of Commerce ,U.S. Chamber Member,www.owassochamber.com,(918)272-2141, 315 South Cedar St," Owasso, OK 74055 ",
Pauls Valley Chamber of Commerce ,U.S. Chamber Member,www.paulsvalleychamber.com,(405)238-6491, 112 East Paul," Pauls Valley, OK 73075 ",
Perry Chamber of Commerce ,U.S. Chamber Member,www.perryok.org,(580)336-4684, PO Box 426," Perry, OK 73077 ",
Ponca City Area Chamber of Commerce ,U.S. Chamber Member,www.poncacitychamber.com,(580)765-4400, PO Box 1109," Ponca City, OK 74602 ",
Poteau Area Chamber of Commerce ,U.S. Chamber Member,www.poteauchamber.org,(918)647-9178, 501 South Broadway," Poteau, OK 74953 ",
Sapulpa Area Chamber of Commerce ,U.S. Chamber Member,www.sapulpachamber.com/,(918)224-0170, 101 E Dewey," Sapulpa, OK 74066 ",
Seminole Chamber of Commerce ,U.S. Chamber Member,seminoleokchamber.org/,(405)382-3640, PO Box 1190," Seminole, OK 74818 ",
"Shawnee Forward, Inc. ",U.S. Chamber Member,www.shawneeforward.com,(405)273-6092, 231 North Bell Ave," Shawnee, OK 74801 ",
South Oklahoma City Chamber of Commerce ,U.S. Chamber Member,www.southokc.com,(405)634-1436, 701 SW 74th St.," Oklahoma City, OK 73139 ",
State Chamber of Oklahoma ,U.S. Chamber Member,www.okstatechamber.com,(405)235-3669, 330 Northeast 10th St," Oklahoma City, OK 73104 ",
Stillwater Chamber of Commerce ,U.S. Chamber Member,www.stillwaterchamber.org,(405)372-5573, 409 S Main St," Stillwater, OK 74074 ",
Tulsa Regional Chamber ,U.S. Chamber Member,www.tulsachamber.com,(918)560-0210," 1 West Third St, #100"," Tulsa, OK 74103 ",5 / 5
Yukon Chamber of Commerce ,U.S. Chamber Member,www.yukoncc.com,(405)354-3567," 10 W Main St, Ste 130 "," Yukon, OK 73099 ",
Newcastle Chamber of Commerce ,,www.newcastleok.org,(405)387-3232, PO Box 1006," Newcastle, OK 73065 ",
Ada Area Chamber of Commerce ,,,(580)332-2506, PO Box 248," Ada, OK 74821 ",
Altus Chamber of Commerce ,,www.altuschamber.com/,(580)482-0210, 301 West Commerce," Altus, OK 73521 ",
Anadarko Chamber of Commerce ,,www.anadarko.org,(405)247-6651, PO Box 366," Anadarko, OK 73005 ",
Chickasha Chamber of Commerce ,,www.chickashachamber.com,(405)224-0787, PO Box 1717," Chickasha, OK 73023 ",
Duncan Chamber of Commerce and Industry ,,www.duncanchamber.com,(580)255-3644," 911 Walnut Ave, PO Box 699 "," Duncan, OK 73534 ",
El Reno Chamber of Commerce ,,www.elrenochamber.com,(405)262-1188, 206 North Bickford," El Reno, OK 73036 ",
Elk City Chamber of Commerce ,,visitelkcity.com/,(580)225-0207, PO Box 972," Elk City, OK 73648 ",
Frederick Chamber of Commerce ,,www.frederickokchamber.org,(580)335-2126, 100 South Main," Frederick, OK 73542 ",
Greater Enid Chamber of Commerce ,,www.enidchamber.com,(580)237-2494, PO Box 907," Enid, OK 73702 ",
Guthrie Chamber of Commerce ,,guthrieok.com,(405)282-1947, PO Box 995," Guthrie, OK 73044 ",
Guymon Chamber of Commerce ,,guymonchamber.com,(580)338-3376," Route 5, Box 120 "," Guymon, OK 73942 ",
Heavener Chamber of Commerce ,,www.heavenerok.org,(918)653-4303, 501 West First St," Heavener, OK 74937 ",
Idabel Chamber of Commerce & Agriculture ,,www.idabelchamberofcommerce.com,(580)286-3305, 7 SW Texas St," Idabel, OK 74745 ",
McAlester Area Chamber of Commerce and Foundation ,,www.mcalester.org,(918)423-2550, 216 East Choctaw," McAlester, OK 74502 ",
Midwest City Chamber of Commerce ,,www.midwestcityok.com,(405)733-3801, PO Box 10980," Midwest City, OK 73140 ",
Okmulgee Chamber of Commerce ,,www.okmulgeeonline.com/chamberofcommerce,(918)756-6172, 112 North Morton," Okmulgee, OK 74447 ",
Pryor Area Chamber of Commerce ,,www.pryorchamber.com,(918)825-0157, PO Box 367," Pryor, OK 74362 ",
Sulphur Chamber of Commerce ,,www.sulphurokla.com,(580)622-2824, 717 West Broadway," Sulphur, OK 73086 ",
Tahlequah Area Chamber of Commerce ,,www.tahlequahchamber.com/,(918)456-3742, 123 East Delaware St," Tahlequah, OK 74464 ",
Weatherford Area Chamber of Commerce ,,www.weatherfordchamber.com,(580)772-7744, 210 West Main," Weatherford, OK 73096 ",
Woodward Chamber of Commerce ,,www.woodwardchamber.com,(580)256-7411," 1006 Oklahoma Ave, PO Box 1026 "," Woodward, OK 73802 ",
Aline Chamber of Commerce ,,,(580)463-2563, 33 Heritage Rd.," Aline, OK 73716 ",
Allen Chamber of Commerce ,,,(580)857-2461, PO Box 467," Allen, OK 74825 ",
Alva Area Chamber of Commerce ,,www.alvaok.net,(580)327-1647, 410 College," Alva, OK 73717 ",
Apache Chamber of Commerce ,,,(580)588-3361, PO Box 461," Apache, OK 73006 ",
Atoka County Chamber of Commerce ,,www.atokachamber.com,(580)889-2410, 415 E Court St," Atoka, OK 74525 ",
Barnsdall Chamber of Commerce ,,,(918)847-2202, PO Box 443," Barnsdall, OK 74002 ",
Beaver County Chamber of Commerce ,,,(580)625-4726," 33 W 2nd St., PO Box 81 "," Beaver, OK 73932 ",
Beggs Chamber of Commerce ,,,(918)267-4329, PO Box 270," Beggs, OK 74421 ",
Billings Chamber ,,,(580)725-3258, PO Box 264," Billings, OK 74630 ",
Blackwell Chamber of Commerce ,,www.blackwellchamber.org,(580)363-4195, 120 South Main," Blackwell, OK 74631 ",
Blanchard Chamber of Commerce ,,www.blanchardchamber.com,(405)485-8787, PO Box 1190," Blanchard, OK 73010 ",
Boley Chamber of Commerce ,,,(918)667-9790, PO Box 31," Boley, OK 74829 ",
Broken Bow Chamber of Commerce ,,,(580)584-3393, 113 W Martin Luther King Dr.," Broken Bow, OK 74728 ",
Buffalo Chamber of Commerce ,,,(580)735-6177, PO Box 521," Buffalo, OK 73834 ",
Burns Flat Chamber of Commerce ,,,(580)562-3111, PO Box 68," Burns Flat, OK 73624 ",
Canton Chamber of Commerce ,,,(580)886-2216, PO Box 307," Canton, OK 73724 ",
Carnegie Chamber ofCommerce ,,,(580)654-2121, PO Box 96," Carnegie, OK 73015 ",
Chandler Area Chamber ofCommerce ,,,(405)258-0673, 400 East Route 66," Chandler, OK 74834 ",
Checotah Chamber ofCommerce ,,checotah.com,(918)473-2070, 201 N Broadway," Checotah, OK 74426 ",
Chelsea Area Chamber of Commerce ,,,(918)789-2220, 618 Pine," Chelsea, OK 74016 ",
Cherokee Chamber of Commerce ,,www.cherokeeoklahoma.net,(580)596-6111, 121 East Main St," Cherokee, OK 73728 ",
Cherokee Mainstreet Chamber of Commerce ,,www.cherokeeoklahoma.com,(580)596-3575, 121 E Main St," Cherokee, OK 73728 ",
Cheyenne Chamber ofCommerce ,,,(580)497-3318, PO Box 57," Cheyenne, OK 73628 ",
Chouteau Chamber of Commerce ,,www.chouteauok.net,(918)476-8222, PO Box 332," Chouteau, OK 74337 ",
Cimarron County Chamber of Commerce ,,www.ccccok.org,(580)544-3344, PO Box 1027," Boise City, OK 73933 ",
Cleveland Area Chamber of Commerce ,,www.chamberofcleveland.com,(918)358-2131," 217 South Broadway, P.O. Box 240 "," Cleveland, OK 74020 ",
Coal County Chamberof Commerce ,,www.coalcountychamber.com,(580)927-2119," 8 S Michigan, P.O. Box 323 "," Coalgate, OK 74538 ",
Colcord Area Chamber of Commerce ,,,(918)326-4811, PO Box 265," Colcord, OK 74338 ",
Collinsville Chamber of Commerce ,,,(918)371-4703, PO Box 245," Collinsville, OK 74021 ",
Cordell Chamber of Commerce ,,www.cordell-ok.net,(580)832-3538, 114 N Market St," Cordell, OK 73632 ",
Coweta Chamber of Commerce ,,www.cowetachamber.com,(918)486-2513, 107 S Broadway," Coweta, OK 74429 ",
Crescent Chamber of Commerce ,,,(405)969-2814, PO Box 333," Crescent, OK 73028 ",
Davenport Chamber of Commerce ,,,(918)377-2241, PO Box 66," Davenport, OK 74026 ",
Davis Chamber of Commerce ,,wwww.davisok.org,(580)369-2402, PO Box 5," Davis, OK 73030 ",
Del City Chamber ofCommerce ,,,(405)677-1910, 4505 SE 15th St.," Del City, OK 73115 ",
Drumright Chamber of Commerce ,,,(918)352-2204, PO Box 828," Drumright, OK 74030 ",
Duke Chamber of Commerce ,,,(580)679-3334, PO Box 190," Duke, OK 73532 ",
Elgin Chamber of Commerce ,,,(580)678-7886," 8209 US-Hwy 277 Suite 7, PO Box 362 "," Elgin, OK 73538 ",
Eufaula Area Chamber of Commerce ,,www.eufaulachamberofcommerce.com,(918)689-2791, 321 N Main St," Eufaula, OK 74432 ",
Fairview Chamber of Commerce ,,www.fairviewokchamber.net,(580)227-2527," 206 E Broadway, P.O. Box 12 "," Fairview, OK 73737 ",
Fort Cobb Chamber of Commerce ,,,(405)643-2682, PO Box 100," Fort Cobb, OK 73038 ",
Fort Gibson Chamber of Commerce ,,www.fortgibson.com,(918)478-4780, PO Box 730," Fort Gibson, OK 74434 ",
Freedom Chamber of Commerce ,,,(580)621-3276, C/O PO Box 125," Freedom, OK 73842 ",
Gage Chamber of Commerce ,,,(580)923-7727, PO Box 328," Gage, OK 73843 ",
Garber Area Community Chamber of Commerce ,,,(580)863-2279, PO Box 574," Garber, OK 73738 ",
Geary Chamber of Commerce ,,,(405)884-2765, PO Box 273," Geary, OK 73040 ",
Gore Chamber of Commerce ,,www.goreok.net,(918)489-2534, PO Box 943," Gore, OK 74435 ",
Grove Area Chamber of Commerce ,,www.groveok.org,(918)786-9079, 310 S Main St," Grove, OK 74344 ",
Harmon County Chamber of Commerce ,,,(580)688-2419, PO Box 566," Hollis, OK 73550 ",
Hartshorne Chamber of Commerce ,,,(918)297-3651, 1011 Penn Ave," Hartshorne, OK 74547 ",
Healdton Chamber of Commerce ,,,(580)229-0900, 10734 Oklahoma 76," Healdton, OK 73438 ",
Helena Chamber of Commerce ,,,(620)845-4389, 304 North Main St," Helena, OK 73741 ",
Henryetta Chamber of Commerce ,,www.henryetta.org,(918)652-3331, 415 West Main St," Henryetta, OK 74437 ",
Hinton Chamber of Commerce ,,www.hintonchamber.org,(405)542-6428, PO Box 48," Hinton, OK 73047 ",
Hobart Chamber of Commerce ,,,, 106 W 4th St," Hobart, OK 73651 ",
Holdenville Chamberof Commerce ,,,(405)379-6675," 119 N Creek, P.O. Box 70 "," Holdenville, OK 74848 ",
Hooker Chamber of Commerce ,,,(580)652-2809, PO Box 989," Hooker, OK 73945 ",
Hugo Area Chamber of Commerce ,,www.hugochamberofcommerce.com,(580)326-7511, 200 S Broadway," Hugo, OK 74743 ",
Jay Chamber of Commerce ,,,(918)253-8698, PO Box 806," Jay, OK 74346 ",
Johnston County Chamber of Commerce ,,,(580)371-2175, 102 S Capitol," Tishomingo, OK 73460 ",
Kaw City Area Chamber of Commerce ,,www.kawcitychamber.org,(580)269-2984, PO Box 241," Kaw City, OK 74641 ",
Kingfisher Chamber of Commerce ,,www.kingfisher.org,(405)375-4445, 123 W Miles," Kingfisher, OK 73750 ",
Konawa Chamber of Commerce ,,,(580)925-3220, PO Box 112," Konawa, OK 74849 ",
Laverne Area Chamber of Commerce ,,www.laverneok.com,(580)921-3612, PO Box 634," Laverne, OK 73848 ",
Lindsay Chamber of Commerce ,,www.angelfire.com/biz/lindsayok/,(405)756-4312," 107 N Main St., P.O. Box 504 "," Lindsay, OK 73052 ",
Locust Grove Area Chamber of Commerce ,,,, PO Box 525," Locust Grove, OK 74352 ",
Lone Grove Chamber of Commerce ,,,," Heritage Center, P.O. Box 746 "," Lone Grove, OK 73443 ",
Love County Chamber of Commerce ,,,(580)276-3102, PO Box 422," Marietta, OK 73448 ",
Mangum & Greer County Chamber of Commerce ,,,(580)782-2444, 222 W Jefferson," Mangum, OK 73554 ",
Mannford Area Chamber of Commerce ,,www.mannfordchamberofcommerce.com,(918)865-2000, PO Box 487," Mannford, OK 74044 ",
Marlow Chamber of Commerce ,,www.marlowchamber.org,(580)658-2212, 223 W Main," Marlow, OK 73055 ",
Marshall County Chamber of Commerce ,,www.marshallcountyonline.com,(580)795-2431," PO Box 542, 11544 Highway 70 "," Madill, OK 73446 ",
McLoud Chamber of Commerce ,,www.mcloudchamber.com,(405)964-6566, PO Box 254," McLoud, OK 74851 ",
Medford Chamber of Commerce ,,,, PO Box 333," Medford, OK 73759 ",
Miami Area Chamber of Commerce ,,www.miamiokchamber.com,(918)542-4481, 11 S Main St," Miami, OK 74354 ",
Minco Chamber of Commerce ,,www.minco-chamberofcommerce.net,(405)352-0518, PO Box 451," Minco, OK 73059 ",
Mounds Chamber of Commerce ,,,(918)827-6711, PO Box 258," Mounds, OK 74047 ",
Muldrow Chamber of Commerce ,,,(918)427-7668, PO Box 429," Muldrow, OK 74948 ",
Newkirk Chamber of Commerce ,,,(580)362-2155, 104 W 7th," Newkirk, OK 74647 ",
Nicoma Park Chamberof Commerce ,,,(405)769-6635, PO Box 4520," Nicoma Park, OK 73066 ",
Noble Chamber of Commerce ,,www.noblechamber.org,(405)872-5535," 118 S Main, P.O. Box 678 "," Noble, OK 73068 ",
Nowata Area Chamberof Commerce ,,www.nowatachamber.com,(918)273-8227, PO Box 202," Nowata, OK 74048 ",
Oilton Chamber of Commerce ,,,(918)862-3202, PO Box 624," Oilton, OK 74052 ",
Okeene Chamber of Commerce ,,www.okeene.com,(580)822-3005," 116 W E St., P.O. Box 704 "," Okeene, OK 73763 ",
Okemah Chamber of Commerce ,,www.okemah.org,(918)623-2440, 217 W Broadway," Okemah, OK 74859 ",
Oklahoma Chamber Of Commerce Executives ,,,, 330 Ne 10th St," Oklahoma City, OK 73104 ",
Oologah Area Chamber of Commerce ,,www.oologah.net,(918)443-2790, PO Box 109," Oologah, OK 74053 ",
Pawhuska Chamber ofCommerce ,,,(918)287-1208, 520 Lynn Ave," Pawhuska, OK 74056 ",
Pawnee Community Chamber of Commerce ,,,(918)762-2108, 613 Harrison St.," Pawnee, OK 74058 ",
Perkins Chamber of Commerce ,,www.cityofperkins.net,(405)747-6809, PO Box 502," Perkins, OK 74059 ",
Piedmont Chamber of Commerce ,,www.piedmontokchamber.org,(405)373-2234, PO Box 501," Piedmont, OK 73078 ",
Pond Creek Chamber of Commerce ,,,(580)532-6468, PO Box 88," Pond Creek, OK 73766 ",
Prague Chamber of Commerce ,,www.pragueok.org,(405)567-2616," 1023 Jim Thorpe Blvd., P.O. Box 111 "," Prague, OK 74864 ",
Purcell Chamber of Commerce ,,www.purcellchamber.com,(405)527-3093," 302 W Main St, Ste 106 "," Purcell, OK 73080 ",
Pushmataha County Chamber of Commerce ,,www.brightok.net/~pushchamber,(580)298-2488, 212 North High St," Antlers, OK 74523 ",
Roff Chamber of Commerce ,,,(405)456-7753, PO Box 344," Roff, OK 74865 ",
Roland Chamber of Commerce ,,www.rolandchamber.com,(479)651-0321, PO Box 492," Roland, OK 74954 ",
Salina Area Chamber of Commerce ,,,(918)434-8223, PO Box 971," Salina, OK 74365 ",
Sallisaw Chamber ofCommerce ,,,(918)775-2558, 115 E Choctaw," Sallisaw, OK 74955 ",
Sand Springs Area Chamber of Commerce ,,www.sandspringschamber.com,(918)245-3221, 212 N Main," Sand Springs, OK 74063 ",
Sayre Chamber of Commerce ,,www.sayreok.com,(580)928-3386," 117 N 4th, P.O. Box 474 "," Sayre, OK 73662 ",
Seiling Chamber of Commerce ,,,(580)922-4922, PO Box 794," Seiling, OK 73663 ",
Sentinel Chamber ofCommerce ,,,(580)393-2171, PO Box 131," Sentinel, OK 73664 ",
Shattuck Chamber ofCommerce ,,,(580)938-2818," 325 S Main, P.O. Box 400 "," Shattuck, OK 73858 ",
Shidler Chamber of Commerce ,,www.shidleroklahoma.com,(918)793-4171, PO Box 281," Shidler, OK 74652 ",
Skiatook Chamber ofCommerce ,,www.skiatookchamber.com,(918)396-3702, PO Box 272," Skiatook, OK 74070 ",
South Grand Lake Area Chamber of Commerce ,,www.grandlakechamber.org,(918)782-3214, PO Box 215," Langley, OK 74350 ",
Spencer Chamber of Commerce ,,,(405)771-9933," 8515 Main St, P.O. Box 53 "," Spencer, OK 73084 ",
Spiro Area Chamber of Commerce ,,www.leflorecounty.com/spiro/,(918)962-3816," PO Box 401, 210 South Main Street "," Spiro, OK 74959 ",
Stigler - Haskell Co. Chamber of Commerce ,,www.stiglerok.net,(918)967-8681, 204 E Main St," Stigler, OK 74462 ",
Stigler/Haskell County Chamber of Commerce ,,www.stiglerchamber.com,(918)967-8681, 204 E Main St.," Stigler, OK 74462 ",
Stilwell Area Chamber of Commerce ,,,(918)696-7845, PO Box 845," Stilwell, OK 74960 ",
Stratford Chamber of Commerce ,,,(580)759-3300, PO Box 491," Stratford, OK 74872 ",
Stroud Chamber of Commerce ,,www.stroudok.com,(918)968-3321, 216 W Main St," Stroud, OK 74079 ",
Talihina Chamber of Commerce ,,www.talihinacc.com,," 900 2nd St, Ste 12 "," Talihina, OK 74571 ",
Tecumseh Chamber ofCommerce ,,www.tecumsehok.com,(405)598-8666, 114 N Broadway," Tecumseh, OK 74873 ",
Temple Chamber of Commerce ,,,(580)342-6991, PO Box 58," Temple, OK 73568 ",
Texhoma Chamber of Commerce ,,,(580)545-3402, PO Box 564," Texhoma, OK 73949 ",
Thomas Chamber of Commerce ,,www.thomasareachamberofcommerce.com,(580)661-3685, PO Box 250," Thomas, OK 73669 ",
Tipton Chamber of Commerce ,,,(580)667-5268, PO Box 403," Tipton, OK 73570 ",
Tonkawa Chamber of Commerce ,,www.tonkawa.net,(580)628-2220," 100 E Grand, A "," Tonkawa, OK 74653 ",
Tuttle Area Chamber of Commerce ,,www.tuttlechamber.org,(405)381-4600, PO Box 673," Tuttle, OK 73089 ",
United States Junior Chamber (jaycees) ,,,(800)529-2337, PO Box 7," Tulsa, OK 74101 ",
Vici Chamber of Commerce ,,www.viciok.com,(580)995-3425, PO Box 2," Vici, OK 73859 ",
Vinita Area Chamber of Commerce ,,www.vinita.com,(918)256-7133, 128 South Wilson St," Vinita, OK 74301 ",
Wagoner Area Chamber of Commerce ,,www.thecityofwagoner.org,(918)485-3414, 301 S Grant," Wagoner, OK 74467 ",
Walters Chamber of Commerce ,,,(580)875-3335," 116 N Broadway, P.O. Box 352 "," Walters, OK 73572 ",
Warner Chamber of Commerce ,,,(918)463-6240, PO Box 190," Warner, OK 74469 ",
Watonga Chamber of Commerce ,,www.watonga.com,(580)623-5452, PO Box 537," Watonga, OK 73772 ",
Waurika Chamber of Commerce ,,www.waurika.net/chamber.html,(580)228-2081," 120 W Broadway, P.O. Box 366 "," Waurika, OK 73573 ",
Waynoka Chamber of Commerce ,,,(580)824-4741, PO Box 173," Waynoka, OK 73860 ",
Wellston Chamber ofCommerce ,,,(405)356-2476, 103 Key Dr.," Wellston, OK 74881 ",
Wetumka Chamber of Commerce ,,www.wetumka.net,(405)452-3237, 202 N Main St," Wetumka, OK 74883 ",
Wewoka Chamber of Commerce ,,www.wewoka.com,(405)257-2662," 123 S Mekusukey, P.O. Box 719 "," Wewoka, OK 74884 ",
Wilburton Chamber of Commerce ,,www.wilburton.ok.us,(918)465-2759, 302 W Main," Wilburton, OK 74578 ",
Wynnewood Chamber of Commerce ,,www.wynnewoodokla.com,(405)665-4466," 102 E Robert S Kerr, P.O. Box 616 "," Wynnewood, OK 73098 ",
Yale Chamber of Commerce ,,,(918)387-2406, PO Box 132," Yale, OK 74085 ",
