Aberdeen Area Chamber of Commerce ,U.S. Chamber Member,www.aberdeen-chamber.com,(605)225-2860, PO Box 1179," Aberdeen, SD 57402 ",
Brandon Valley Area Chamber of Commerce ,U.S. Chamber Member,www.brandonsd.com,(605)582-7400," 306B S Splitrock Blvd, PO Box 182 "," Brandon, SD 57005 ",
Brookings Area Chamber of Commerce ,U.S. Chamber Member,www.brookingssd.com,(605)692-6125, 415 8th Street South," Brookings, SD 57006 ",
Custer Area Chamber of Commerce ,U.S. Chamber Member,www.custersd.com,(605)673-2244, PO Box 5018," Custer, SD 57730 ",
Greater Madison Area Chamber of Commerce ,U.S. Chamber Member,www.chamberofmadisonsd.com,(605)256-2454," 315 South Egan Ave, PO Box 467 "," Madison, SD 57042 ",
Huron Area Chamber & Visitors Bureau ,U.S. Chamber Member,www.huronsd.com/,(605)352-0000, 1725 Dakota Ave South," Huron, SD 57350 ",
Mobridge Area Chamber of Commerce ,U.S. Chamber Member,www.mobridge.org,(605)845-2387, 212 N Main St," Mobridge, SD 57601 ",
Pierre Area Chamber of Commerce ,U.S. Chamber Member,www.pierre.org/,(605)224-7361, PO Box 548," Pierre, SD 57501 ",
Rapid City Area Chamber of Commerce ,U.S. Chamber Member,www.rapidcitychamber.com,(605)343-1744, 444 Mount Rushmore Road North," Rapid City, SD 57701 ",5 / 5
Sioux Falls Area Chamber of Commerce ,U.S. Chamber Member,www.siouxfallschamber.com,(605)336-1620," 200 North Phillips Ave, #200"," Sioux Falls, SD 57104 ",
South Dakota Chamber of Commerce & Indus ,U.S. Chamber Member,www.sdchamber.biz/,(605)224-6161," 222 East Capitol, #15, Po Box 190 "," Pierre, SD 57501 ",
Vermillion Area Chamber of Commerce ,U.S. Chamber Member,www.vermillionchamber.com/,(605)624-5571, 116 Market St," Vermillion, SD 57069 ",
Wall Badlands Area Chamber of Commerce ,U.S. Chamber Member,www.wall-badlands.com,(605)279-2665, PO Box 527," Wall, SD 57790 ",
Yankton Area Chamber of Commerce ,U.S. Chamber Member,www.yanktonsd.com,(605)665-3636, 803 East 4th St," Yankton, SD 57078 ",
Belle Fourche Chamber of Commerce ,,www.bellefourchechamber.org/,(605)892-2676, 1010 State St," Belle Fourche, SD 57717 ",
Chamberlain-Oacoma Area Chamber of Commerce ,,www.chamberlainsd.org,(605)734-4416," 212 North Main St, P.O. Box 638 "," Chamberlain, SD 57325 ",
Hot Springs Area Chamber of Commerce ,,,(605)745-4140, 801 South 6th St," Hot Springs, SD 57747 ",
Lead Area Chamber of Commerce ,,www.leadmethere.org,(605)584-1100, 160 West Main St," Lead, SD 57754 ",
Milbank Area Chamber of Commerce ,,www.milbanksd.com/chamber,(605)432-6656," 1001 East 4th Ave, Suite 101 "," Milbank, SD 57252 ",
Platte Chamber of Commerce ,,www.plattesd.org,(605)337-2275, PO Box 393," Platte, SD 57369 ",
Spearfish Area Chamber of Commerce ,,www.spearfishchamber.org,(605)642-2626, 106 West Kansas St," Spearfish, SD 57783 ",
Sturgis Area Chamber of Commerce & Visitors Bureau ,,www.sturgisareachamber.com,(605)347-2556, 2040 Junction Ave," Sturgis, SD 57785 ",
Watertown Area Chamber of Commerce ,,www.watertownsd.com,(605)886-5814, 1 East Kemp," Watertown, SD 57201 ",
Winner Area Chamber of Commerce ,,www.winnersd.org,(605)842-1533, 246 Main St," Winner, SD 57580 ",
Beresford Area Chamber of Commerce ,,beresfordchamber.com,(605)763-2021, PO Box 167," Beresford, SD 57004 ",
Britton Area Chamber of Commerce ,,,(605)448-5323, PO Box 96," Britton, SD 57430 ",
Canton Area Commerce Association ,,,(605)764-5118, PO Box 34," Canton, SD 57013 ",
Centerville Chamberof Commerce ,,,(605)563-2345, PO Box 266," Centerville, SD 57014 ",
Deadwood Chamber of Commerce & Visitors Bureau ,,www.deadwood.com,(605)578-1876, 501 Main St," Deadwood, SD 57732 ",
Dell Rapids Chamber of Commerce ,,www.dellrapidschamber.com,(502)428-4167, 511 E 7th St," Dell Rapids, SD 57022 ",
DeSmet Chamber of Commerce ,,,(800)880-3383, PO Box 105," De Smet, SD 57231 ",
Edgemont Chamber of Commerce ,,www.edgemont-sd.com,(605)662-5900, PO Box 797," Edgemont, SD 57735 ",
Eureka Chamber of Commerce ,,www.eurekasd.com,(605)284-5230, PO Box 272," Eureka, SD 57437 ",
Faith Chamber of Commerce ,,www.ranchers.net/faithsd/,(605)967-2001," 205 East First St, P.O. Box 368 "," Faith, SD 57626 ",
Fort Pierre Chamber of Commerce ,,www.fortpierre.com,(605)223-2178, PO Box 426," Fort Pierre, SD 57532 ",
Freeman Chamber/comm. Dev. ,,www.freemansd.com,(605)925-4444, PO Box 43," Freeman, SD 57029 ",
Gettysburg Chamber of Commerce ,,www.gettysburgsd.net,(605)765-2528, 110 S Exene St," Gettysburg, SD 57442 ",
Harding County Chamber of Commerce ,,,(605)375-3844, PO Box 113," Buffalo, SD 57720 ",
Hill City Area Chamber of Commerce ,,www.hillcitysd.com/chamber-of-commerce,(605)574-2368, 23935 Hwy 385," Hill City, SD 57745 ",
Keystone Chamber and Visitor Information Center ,,,(605)666-4896," 1101 Madill St, P.O. Box 653 "," Keystone, SD 57751 ",
Kimball Chamber of Commerce ,,www.kimballsd.org,(605)778-6218, PO Box 2," Kimball, SD 57355 ",
Lemmon Area Chamberof Commerce ,,www.lemmonsd.com,(605)374-5716, 100 3rd St. W," Lemmon, SD 57638 ",
Mellette County Chamber of Commerce ,,,(605)259-3651, PO Box 223," White River, SD 57579 ",
Miller Civic & Commerce Assn. ,,millersd.net,(605)853-3098, PO Box 333," Miller, SD 57362 ",
Murdo Chamber of Commerce ,,www.murdosd.com,(605)669-3333, PO Box 242," Murdo, SD 57559 ",
Philip Chamber of Commerce ,,www.philipsouthdakota.com,, PO Box 378," Philip, SD 57567 ",
Presho Area Chamber of Commerce ,,www.presho.net,, PO Box 415," Presho, SD 57568 ",
Redfield Area Chamber of Commerce ,,www.redfield-sd.com,(605)472-0965, 626 N Main St.," Redfield, SD 57469 ",
Sisseton Area Chamber of Commerce & Visitors Bur. ,,www.sisseton.com,(605)698-7261, 406 2nd Ave W," Sisseton, SD 57262 ",
Wagner Chamber of Commerce ,,www.wagnersd.org,(605)384-3741, PO Box 40," Wagner, SD 57380 ",
Webster Area Chamber of Commerce ,,www.webstersd.com,(605)345-4668, PO Box 123," Webster, SD 57274 ",
Wessington Springs Area Chamber of Commerce ,,,(605)539-1234, PO Box 513," Wessington Springs, SD 57382 ",
