American Fork Chamber of Commerce ,U.S. Chamber Member,www.afchamber.org,(801)472-7467, 31 N Church St," American Fork, UT 84003 ",
Cache Valley Chamber of Commerce ,U.S. Chamber Member,www.cachechamber.com,(435)752-2161, 160 N Main St.," Logan, UT 84321 ",
Cedar City Area Chamber of Commerce ,U.S. Chamber Member,www.chambercedarcity.org/,(435)586-4484, 510 W 800 S," Cedar City, UT 84720 ",
Davis Chamber of Commerce ,U.S. Chamber Member,www.davischambercommerce.com,(801)593-2200," 450 South Simmons Way, Suite 220 "," Kaysville, UT 84037 ",
Duchesne County Chamber of Commerce ,U.S. Chamber Member,www.uintabasin.org,(435)722-4598," 50 East 200 South, PO Box 1417 "," Roosevelt, UT 84066 ",
Holladay Chamber of Commerce ,U.S. Chamber Member,www.holladaychamber.com,(385)429-2921," 6440 Wasatch Blvd, Ste 150 "," Salt Lake City, UT 84121 ",
Murray Area Chamber of Commerce ,U.S. Chamber Member,www.murraychamber.org,(801)263-2632," 5250 South Commerce Dr, #180"," Murray, UT 84107 ",
Park City Chamber of Commerce ,U.S. Chamber Member,www.visitparkcity.com,(435)649-6100, 1910 Prospector Ave," Park City, UT 84060 ",
Payson & Santaquin Area Chamber of Commerce ,U.S. Chamber Member,www.paysonsantaquinarea.com,(801)465-2634, 22 S Main St," Payson, UT 84651 ",
Salt Lake Chamber ,U.S. Chamber Member,slchamber.com/,(801)364-3631," 175 E University Blvd (400 S), Suite 600 "," Salt Lake City, UT 84111 ",5 / 5
Sandy Area Chamber of Commerce ,U.S. Chamber Member,www.sandychamber.com,(801)566-0344, 35 E 9270 S," Sandy, UT 84070 ",
South Salt Lake Chamber of Commerce ,U.S. Chamber Member,www.sslchamber.com,(801)466-3377," 220 Morris Ave, Ste 150 "," South Salt Lake, UT 84115 ",
Spanish Fork/Salem Area Chamber of Commerce ,U.S. Chamber Member,www.spanishforkchamber.com/,(801)798-8352, 67 E 100 N," Spanish Fork, UT 84660 ",
Utah Valley Chamber of Commerce ,U.S. Chamber Member,www.thechamber.org,(801)379-2555, 111 South University Ave," Provo, UT 84601 ",
Vernal Area Chamber of Commerce ,U.S. Chamber Member,www.vernalchamber.com/,(435)789-1352, 134 West Main," Vernal, UT 84078 ",
Moab Area Chamber of Commerce ,,moabchamber.com,(435)259-7814," 217 East Center St, Suite 250 "," Moab, UT 84532 ",
South Jordan Chamber of Commerce ,,www.southjordanchamber.com,(801)253-5200," 1878 W 12600 S, #224"," Riverton, UT 84065 ",
Brigham Area Chamber of Commerce ,,www.bcareachamber.com,(435)723-3931, 6 North Main St," Brigham City, UT 84302 ",
Downtown Alliance ,,www.thebizalliance.org,(801)333-1101," 175 East 400 South, #600"," Salt Lake City, UT 84111 ",
Heber Valley Chamber of Commerce ,,www.gohebervalley.com,(435)654-3666, 475 North Main St," Heber City, UT 84032 ",
Lehi Area Chamber of Commerce ,,www.lehichamber.org,(801)836-0836, PO BOX 154," Lehi, UT 84043 ",
Ogden Weber Chamber of Commerce ,,ogdenweberchamber.com/,(801)621-8300," 2380 Washington Blvd, Ste 290 "," Ogden, UT 84401 ",
Southwest Valley Chamber of Commerce ,,www.swvchamber.org,(801)280-0595, PO Box 330," Riverton, UT 84065 ",
Springville Chamber of Commerce ,,springvilleutahchamber.org,(801)491-7830," 110 S Main St, Suite 207 "," Springville, UT 84663 ",
St. George Area Chamber of Commerce ,,www.stgeorgechamber.com,(435)628-1658, 136 N 100 E," St. George, UT 84770 ",
West Jordan Chamber of Commerce ,,www.westjordanchamber.com,(801)569-5151, 8000 South Redwood Rd," West Jordan, UT 84088 ",
Alta Chamber of Commerce ,,www.altaiowa.com,(712)213-8607, 10351 Utah 210," Sandy, UT 84092 ",
Bear Lake Rendezvous Chamber of Commerce ,,,(435)847-1422, PO Box 55," Garden City, UT 84028 ",
Beaver Chamber of Commerce & Travel Cncl. ,,,(435)438-5438, PO Box 272," Beaver, UT 84713 ",
Blanding Chamber of Commerce ,,www.blandingutah.org,(435)678-3662, 50 West 100 South," Blanding, UT 84511 ",
Brian Head Chamber of Commerce ,,www.brianheadchamber.com,(888)677-2810, PO Box 190325," Brian Head, UT 84719 ",
Carbon County Chamber of Commerce ,,carboncountychamber.net,(435)637-2788," 751 East 100 North, Suite 2100 "," Price, UT 84501 ",
Delta Area Chamber of Commerce ,,deltautahchamber.com,(435)864-4316, 80 N 200 W," Delta, UT 84624 ",
Draper Area Chamber of Commerce ,,www.draperchamber.com,(801)553-0928, 12441 S 900 E," Draper, UT 84020 ",
East Valley Regional Chamber of Commerce ,,www.eastvalleychamber.org,(801)467-0844," 2299 South Highland Dr., #200"," Salt Lake City, UT 84106 ",
Emery County Chamber of Commerce ,,,(435)381-2547," 25 N Center St., P.O. Box 327 "," Castle Dale, UT 84513 ",
Fillmore Area Chamber of Commerce ,,,," 460 N Main St., P.O. Box 1214 "," Fillmore, UT 84631 ",
Flaming Gorge Area Chamber of Commerce ,,,(435)784-3582, PO Box 122," Manila, UT 84046 ",
Greater Bear Lake Valley Chamber of Commerce ,,www.bearlakechamber.org,(208)847-0067, PO Box 55," Garden City, UT 84028 ",
Greater Smithfield Chamber of Commerce ,,www.smithfieldchamber.com,(435)563-3236, PO Box 31," Smithfield, UT 84335 ",
Green River Chamber of Commerce ,,www.greenriverchamber.org,(435)564-3490, PO Box 250," Green River, UT 84525 ",
Hurricane Valley Chamber of Commerce ,,www.hvchamber.com,(435)635-3402, PO Box 101," Hurricane, UT 84737 ",
Kanab Chamber of Commerce ,,kanabchamber.com/?fbclid=IwAR0aHzDJcsGMn23qnn34i2LDhubIk-PfU_j5FMIwFopJjaDgQt3UvziEuOc,(435)644-5033, PO Box 70," Kanab, UT 84741 ",
Midvale City Chamber of Commerce ,,,(801)561-3880, 7111 S State St.," Midvale, UT 84047 ",
Monticello Chamber of Commerce ,,www.monticelloutahchamber.com,(435)587-2992, PO Box 217," Monticello, UT 84535 ",
Mount Pleasant MainStreet Comm. ,,www.mtpleasantcity.com,(435)462-2456," City Hall, 115 W. Main St. "," Mount Pleasant, UT 84647 ",
Nephi City Chamber of Commerce ,,,(435)623-2980, PO Box 162," Nephi, UT 84648 ",
Panguitch Chamber of Commerce ,,,(435)676-8585, PO Box 400," Panguitch, UT 84759 ",
Pleasant Grove-Lindon Chamber of Commerce ,,,(801)796-5130," 86 E 100 S, P.O. Box 712 "," Pleasant Grove, UT 84062 ",
Richfield Area Chamber of Commerce ,,,(435)896-4241," 250 N Main, #B42"," Richfield, UT 84701 ",
Tooele County Chamber of Commerce ,,www.tooelechamber.com,(435)882-0690, 201 N Main," Tooele, UT 84074 ",
Utah Hispanic Chamber of Commerce of Utah ,,www.utahhcc.com/,(801)274-9152, 1635 S Redwood Rd," Salt Lake City, UT 84104 ",
Utah State Chamber of Commerce ,,www.utahstatechamber.org,(801)328-5090," 175 E 400 S, Ste 600 "," Salt Lake City, UT 84111 ",
