American Academy Of Dermatology Association ,U.S. Chamber Member,,(202)842-3555, 1445 New York Avenue NW," Washington, DC 20005 ",
Champs Capitol Hill Chamber of Commerce ,U.S. Chamber Member,www.champsdc.org,(202)547-7788, Po Box 15486," Washington, DC 20003 ",
DC Chamber of Commerce ,U.S. Chamber Member,www.dcchamber.org,(202)347-7201," 1133 21st Street, NW, SUITE M200 "," Washington, DC 20036 ",
National Black Chamber of Commerce ,U.S. Chamber Member,www.nationalbcc.org,(202)466-6888," 4400 Jenifer Street NW, Suite 331 "," Washington, DC 20015 ",
United States-Mexico Chamber of Commerce ,U.S. Chamber Member,www.usmcoc.org/usmcoc/,(703)752-4751, PO Box 14414," Washington, DC 20044 ",
Afghan American Chamber of Commerce ,,,(703)442-5005," 1300 Pennsylvania Ave NW, Fl 3 "," Washington, DC 20004 ",
French-American Chamber of Commerce- D.C. ,,www.faccwdc.org,(202)640-1806," 4101 Resevoir Rd, NW, Offices B137-B141 "," Washington, DC 20007 ",
Greater Washington Board of Trade ,,www.bot.org,(202)857-5913," 800 Connecticut Ave, Suite 1001 "," Washington, DC 20006 ",
Greater Washington Hispanic Chamber of Commerce ,,,(202)728-0352," 910 17th Street, NW, Suite 1150 "," Washington, DC 20006 ",
Licensing Executives Society ,,www.usa-canada.les.org,(703)836-3106," 1308 Clifton St NW, Apt 412 "," Washington, DC 20009 ",
Mid-Atlantic Hispanic Chamber of Commerce ,,www.mahcc.org,(301)404-1946," 1425 K Street, NW, Suite 350 "," Washington, DC 20002 ",
"U.S. Black Chambers, Inc. ",,www.usblackchambers.org,(202)463-8722," 1701 K St NW, Ste 1150 "," Washington, DC 20006 ",
United States - Iran Chamber of Commerce ,,usircc.org/,(888)300-1682," 1300 Pennsylvania Ave NW, Ste 700 "," Washington, DC 20004 ",
Chamber of Shippingof America ,,,(202)775-4399," 1730 Rhode Island Ave NW, Suite 702 "," Washington, DC 20036 ",
Internet Association ,,www.internetassociation.org,(202)803-5783," 600 North Capitol St NW, #200"," Washington, DC 20001 ",
National U.S. Arab Chamber Of Commerce ,,www.nusacc.org,(202)289-5920," 1101 17th St NW, Suite 1220 "," Washington, DC 20036 ",
Nigerian-American Chamber of Commerce ,,,(505)577-8892," 1629 K Street, NW"," Washington, DC 20006 ",
United States Chamber of Commerce ,,www.uschamber.com,(202)659-6000, 1615 H St NW," Washington, DC 20062 ",
United States Hispanic Chamber of Commerce ,,www.ushcc.com,(202)289-6867," 1424 K St. NW, Suite 401 "," Washington, DC 20037 ",
