Baraboo Area Chamber of Commerce ,U.S. Chamber Member,www.baraboo.com/chamber/,(608)356-8333, PO Box 442," Baraboo, WI 53913 ",
Chippewa Falls Area Chamber of Commerce ,U.S. Chamber Member,www.chippewachamber.org,(715)723-0331, 1 North Bridge St," Chippewa Falls, WI 54729 ",
Eau Claire Area Chamber of Commerce ,U.S. Chamber Member,www.eauclairechamber.org,(715)834-1204," 101 North Farwell St., Suite 101 "," Eau Claire, WI 54703 ",5 / 5
Envison Greater Fond du Lac ,U.S. Chamber Member,www.fdlac.com,(920)921-9500," 23 S Main St, #101 "," Fond du Lac, WI 54936 ",
Forward Janesville ,U.S. Chamber Member,www.forwardjanesville.com/,(608)757-3160," 14 South Jackson St, Suite 200 "," Janesville, WI 53548 ",
Greater Brookfield Chamber of Commerce ,U.S. Chamber Member,www.brookfieldchamber.com,(262)786-1886," 17100 West Bluemound Rd, Suite 202 "," Brookfield, WI 53005 ",
Greater Green Bay Chamber of Commerce ,U.S. Chamber Member,www.titletown.org,(920)437-8704," 300 N Broadway, Suite 3A "," Green Bay, WI 54303 ",
Greater Tomah Area Chamber of Commerce ,U.S. Chamber Member,www.tomahwisconsin.com,(608)372-2166, PO Box 625," Tomah, WI 54660 ",
Heart of The Valley Chamber of Commerce ,U.S. Chamber Member,www.heartofthevalleychamber.com/,(920)766-1616, 101 E Wisconsin Ave," Kaukauna, WI 54130 ",
Hudson Area Chamber of Commerce & Tourism Bureau ,U.S. Chamber Member,www.hudsonwi.org/,(715)386-8411, 502 Second St," Hudson, WI 54016 ",
Kenosha Area Chamber of Commerce ,U.S. Chamber Member,www.kenoshaareachamber.com,(262)654-1234," 600 52nd St, Suite 130 "," Kenosha, WI 53140 ",
La Crosse Area Chamber of Commerce ,U.S. Chamber Member,www.lacrossechamber.com,(608)784-4880, 601 North Seventh St," La Crosse, WI 54601 ",
Marshfield Area Chamber of Commerce and Industry ,U.S. Chamber Member,www.marshfieldchamber.com,(715)384-3454, 700 South Central Ave," Marshfield, WI 54449 ",
Menomonee Falls Chamber of Commerce ,U.S. Chamber Member,www.menomoneefallschamber.com/,(262)251-2430," N91w17271 Appleton Ave, #2"," Menomonee Falls, WI 53051 ",
Menomonie Area Chamber & Visitor Center ,U.S. Chamber Member,,(715)235-9087, 342 East Main St," Menomonie, WI 54751 ",
Metropolitan Milwaukee Association of Commerce ,U.S. Chamber Member,www.mmac.org,(414)287-4100, 756 N Milwaukee St," Milwaukee, WI 53202 ",
New Richmond Area Chamber of Commerce ,U.S. Chamber Member,www.newrichmondchamber.com,(715)246-2900, 245A South Knowles Ave," New Richmond, WI 54017 ",
Oshkosh Chamber of Commerce ,U.S. Chamber Member,www.oshkoshchamber.com,(920)303-2266, 120 Jackson St," Oshkosh, WI 54901 ",5 / 5
Racine Area Manufacturers & Commerce ,U.S. Chamber Member,www.racinechamber.com/,(262)634-1931, 300 5th St," Racine, WI 53403 ",
Rice Lake Area Chamber of Commerce ,U.S. Chamber Member,chamber.rice-lake.wi.us,(715)234-2126, 37 S Main St," Rice Lake, WI 54868 ",
River Falls Chamber of Commerce ,U.S. Chamber Member,www.rfchamber.com,(715)425-2533, 222 Lewis St," River Falls, WI 54022 ",
Shawano Country Chamber of Commerce ,U.S. Chamber Member,www.shawanocountry.com,(715)524-2139, PO Box 38," Shawano, WI 54166 ",
Sheboygan County Chamber of Commerce ,U.S. Chamber Member,www.sheboygan.org/,(920)395-8700," 621 S 8th St, Suite 101 "," Sheboygan, WI 53081 ",
Waukesha County Business Alliance ,U.S. Chamber Member,www.waukesha.org,(262)542-4249," 2717 North Grandview Blvd, Suite 300 "," Waukesha, WI 53188 ",
Waupaca Area Chamber of Commerce ,U.S. Chamber Member,www.waupacaareachamber.com,(715)258-7343, 221 South Main St," Waupaca, WI 54981 ",
Wausau Region Chamber of Commerce ,U.S. Chamber Member,www.wausauchamber.com/,(715)848-5946," 300 Third St, Suite 200 "," Wausau, WI 54403 ",4 / 5
Wisconsin LGBT Chamber ,U.S. Chamber Member,hyyp://www.wislgbtchamber.com,(414)678-9275, 5027 West North Ave," Milwaukee, WI 53208 ",
Wisconsin Manufacturers & Commerce ,U.S. Chamber Member,www.wmc.org,(608)258-3400, 501 E Washington Ave," Madison, WI 53703 ",
Lake Geneva Chamber of Commerce ,,www.lakegenevawi.cc,(262)248-1000, 527 Center St," Lake Geneva, WI 53147 ",
Berlin Chamber of Commerce ,,www.berlinchamber.net,(920)361-3636, 104 E Huron St," Berlin, WI 54923 ",
Black River Area Chamber of Commerce ,,blackrivercountry.net/,(715)284-4658, 120 North Water St," Black River Falls, WI 54615 ",
Brodhead Chamber of Commerce ,,www.cityofbrodheadwi.us/visitors/chamber_of_commerce/index.php,(608)897-8411, PO Box 16," Brodhead, WI 53520 ",
Clintonville Area Chamber of Commerce ,,www.clintonvillewi.org/chamber/,(715)823-4606, 1 South Main St," Clintonville, WI 54929 ",
Dodgeville Chamber of Commerce ,,www.dodgeville.com,(608)935-9200, 338 North Iowa St," Dodgeville, WI 53533 ",
East Troy Area Chamber of Commerce ,,www.easttroywi.org,(262)642-3770," 2096 Church St, Suite A "," East Troy, WI 53120 ",
Elkhorn Area Chamber of Commerce & Tourism Center ,,www.elkhorn-wi.org,(262)723-5788, PO Box 41," Elkhorn, WI 53121 ",
Ellsworth Area Chamber of Commerce ,,www.ellsworthchamber.com,(715)273-6442, PO Box 927," Ellsworth, WI 54011 ",
Fitchburg Chamber Visitor & Business Bureau ,,www.fitchburgchamber.com,(608)288-8284," 5500 E Cheryl Pkwy, Suite 106 "," Fitchburg, WI 53711 ",
Fort Atkinson Area Chamber of Commerce ,,www.fortchamber.com/,(920)563-3210, 244 North Main St," Fort Atkinson, WI 53538 ",
Germantown Area Chamber of Commerce ,,www.germantownchamber.org/,(262)255-1812, 156 W N 11251 Pilgrim Rd," Germantown, WI 53022 ",
Glenwood City Chamber of Commerce ,,www.glenwoodcitywi.com,(715)265-4453, 412 2nd St," Glenwood City, WI 54013 ",
Greater Madison Chamber of Commerce ,,www.greatermadisonchamber.com/,(608)443-1946, PO Box 71," Madison, WI 53701 ",
Greendale Chamber of Commerce ,,www.greendalechamber.com,(414)423-2100, PO Box 467," Greendale, WI 53129 ",
Hartford Area Chamber of Commerce ,,www.hartfordwi.net/index.cfm,(262)673-7002, 1246-A East Sumner St," Hartford, WI 53027 ",
Heart of Wisconsin Chamber of Commerce ,,www.wisconsinrapidschamber.com,(715)423-1830, 1120 Lincoln St," Wisconsin Rapids, WI 54494 ",
Jefferson Chamber of Commerce ,,www.jeffersonchamberwi.com,(920)674-4511," 230 S Main St, Ste B "," Jefferson, WI 53549 ",5 / 5
Marinette Menominee Area Chamber of Commerce ,,www.rivercities.net,(715)735-6681, 601 Marinette Ave," Marinette, WI 54143 ",
Mequon-Thiensville Chamber of Commerce ,,,(262)512-9358, 6331 West Mequon Rd," Mequon, WI 53092 ",
Merrill Area Chamber of Commerce ,,www.merrillchamber.com,(715)536-9474, 705 North Center Ave," Merrill, WI 54452 ",
Middleton Chamber of Commerce ,,www.middletonchamber.com,(608)827-5797, 7427 Elmwood Ave," Middleton, WI 53562 ",
Minocqua Area Chamber of Commerce ,,www.minocqua.org/,(715)356-5266, P.O. Box 1006," Minocqua, WI 54548 ",
Monona Chamber of Commerce ,,www.monona.com,(608)222-8565," 5900 Monona Dr, Suite 302 "," Monona, WI 53716 ",
Monroe Chamber of Commerce ,,www.monroechamber.org,(608)325-7648, 1505 9th St," Monroe, WI 53566 ",
Mount Horeb Area Chamber of Commerce ,,www.trollway.com,(608)437-5914, 300 East Main St," Mount Horeb, WI 53572 ",
New London Area Chamber of Commerce ,,www.newlondonchamber.com,(920)982-5822, 420 North Shawano St," New London, WI 54961 ",
Oconomowoc Area Chamber of Commerce ,,www.oconomowoc.org,(262)567-2666, 175 East Wisconsin Ave," Oconomowoc, WI 53066 ",
Osceola Area Chamber of Commerce and Main Street ,,vil.osceola.wi.us/,(715)755-3300, PO Box 251," Osceola, WI 54020 ",
Platteville Area Chamber of Commerce ,,www.platteville.com,(608)348-8888, PO Box 724," Platteville, WI 53818 ",
Plymouth Chamber of Commerce ,,www.plymouthwisconsin.com,(920)893-0079, PO Box 584," Plymouth, WI 53073 ",
Rhinelander Area Chamber of Commerce ,,www.explorerhinelander.com/chamber-info/,(715)365-7464, 450 West Kemp St," Rhinelander, WI 54501 ",
Sauk Prairie Area Chamber of Commerce ,,www.saukprairie.com,(608)643-4168, 109 Phillips Blvd," Sauk City, WI 53583 ",
South Suburban Chamber of Commerce ,,www.southsuburbanchamber.com,(414)768-5845, 8040 South 6th St," Oak Creek, WI 53154 ",
Stoughton Chamber of Commerce ,,www.stoughtonwi.com,(608)873-7912, 532 East Main St.," Stoughton, WI 53589 ",
Sun Prairie Chamber of Commerce ,,www.sunprairiechamber.com,(608)837-4547, 109 East Main St," Sun Prairie, WI 53590 ",
The Chamber of Manitowoc County ,,www.chambermanitowoccounty.org,(920)684-5575, 1515 Memorial Dr," Manitowoc, WI 54220 ",
Tomahawk Regional Chamber of Commerce ,,www.gototomahawk.com/,(715)453-5334, PO Box 412," Tomahawk, WI 54487 ",
Twin Lakes Area Chamber of Commerce ,,www.twinlakeschamber.com,(262)877-2220, 349 East Main St," Twin Lakes, WI 53181 ",
Verona Area Chamber of Commerce ,,www.veronawi.com,(608)845-5777, PO Box 930003," Verona, WI 53593 ",
Watertown Area Chamber of Commerce ,,www.watertownchamber.com,(920)261-6320, 519 East Main St," Watertown, WI 53094 ",
West Allis/West Milwaukee Chamber of Commerce ,,wawmchamber.com/,(414)302-9901, 6212 W Greenfield Ave," Milwaukee, WI 53214 ",
West Bend Area Chamber of Commerce ,,www.wbchamber.org/,(262)338-2666, 304 South Main St," West Bend, WI 53095 ",
Whitewater Chamber of Commerce ,,www.whitewaterchamber.com,(262)473-4005, 171 West Main St," Whitewater, WI 53190 ",
Abbotsford Chamber of Commerce ,,,(715)223-0657, PO Box 418," Abbotsford, WI 54405 ",
AbbyColby Crossings Chamber of Commerce ,,,(715)223-8509, PO Box 444," Colby, WI 54421 ",
Adams County Chamber of Commerce ,,www.adamscountywi.com,(608)339-6997, PO Box 576," Adams, WI 53910 ",
Algoma Area Chamber of Commerce ,,www.algoma.org,(920)487-2041, 1226 Lake St.," Algoma, WI 54201 ",
Antigo Area Chamberof Commerce ,,www.newnorth.net/antigo.chamber,(715)623-4134," 329 Superior St., P.O. Box 339 "," Antigo, WI 54409 ",
Arcadia Chamber of Commerce ,,arcadiawi.org,(608)323-2319, PO Box 81," Arcadia, WI 54612 ",
Ashland Area Chamber of Commerce ,,www.visitashland.com,(715)682-2500, 805 W Lakeshore Dr.," Ashland, WI 54806 ",
Baldwin Chamber of Commerce ,,,(715)684-2221, PO Box 142," Baldwin, WI 54002 ",
Bayfield Chamber ofCommerce ,,www.bayfield.org,(715)779-3335," 42 S Broad St., P.O. Box 138 "," Bayfield, WI 54814 ",
Belgium Area Chamber of Commerce ,,www.belgiumchamberofcommerce.com,(262)285-7887, PO Box 215," Belgium, WI 53004 ",
Bloomer Chamber of Commerce ,,www.bloomer.net,(715)568-3339," 1419 Main St., P.O. Box 273 "," Bloomer, WI 54724 ",
Boscobel Chamber ofCommerce ,,www.boscobelwisconsin.com,(608)375-2672, 800 Wisconsin Ave.," Boscobel, WI 53805 ",
Boulder Junction Chamber of Commerce ,,www.boulderjct.org,(715)385-2400, PO Box 286 W," Boulder Junction, WI 54512 ",
Brillion Chamber ofCommerce ,,www.ci.brillion.wi.us,(920)756-2412, PO Box 123," Brillion, WI 54110 ",
Brooklyn Area Chamber of Commerce ,,www.brooklynwisconsin.com,(608)455-1627," 108 Hotel St., P.O. Box 33 "," Brooklyn, WI 53521 ",
Brown Deer Chamber of Commerce ,,,(414)371-3055," 3900 W Brown Deer Rd., A`55 "," Brown Deer, WI 53209 ",
Butler Area Chamberof Commerce ,,www.butlerchamber.org,(262)781-5195, 12810 W Hampton Ave.," Butler, WI 53007 ",
Cable Area Chamber of Commerce ,,www.cable4fun.com,(715)798-3833, County Hwy. M," Cable, WI 54821 ",
Cadott Area Chamberof Commerce ,,,(715)289-3338, PO Box 84," Cadott, WI 54727 ",
Cambridge Chamber of Commerce ,,www.cambridgewi.com,(608)423-3780, PO Box 572," Cambridge, WI 53523 ",
Campbellsport Chamber of Commerce ,,,(920)533-8386, PO Box 535," Campbellsport, WI 53010 ",
Cedarburg Chamber of Commerce ,,www.cedarburg.org,(262)377-5856, W61 N480 Washington Ave.," Cedarburg, WI 53012 ",
Center For Commerce & Tourism ,,www.oostburg.org,, PO Box 700198," Oostburg, WI 53070 ",
Center for Commerce& Tourism ,,www.tourism.onalaska.wi.us,(608)781-9570, 800 Oak Forest Dr.," Onalaska, WI 54650 ",
Chetek Area Chamber of Commerce ,,,(715)924-3200, PO Box 747," Chetek, WI 54728 ",
Chilton Chamber of Commerce ,,chiltonchamber.com,(920)418-1650, PO Box 122," Chilton, WI 53014 ",
Clear Lake City Community Association ,,,(715)263-2755," 316 3rd Ave., P.O. Box 266 "," Clear Lake, WI 54005 ",
Cleveland Chamber of Commerce ,,,(920)693-8256, 1250 W Washington Avenue," Cleveland, WI 53015 ",
Conover Chamber of Commerce ,,www.conover.org,, PO Box 32," Conover, WI 54519 ",
Crandon Area Chamber of Commerce ,,www.crandonwi.com,(715)478-3450," 201 S Lake Ave., P.O. Box 88 "," Crandon, WI 54520 ",
Cross Plains Area Business Association ,,,(608)798-3521, PO Box 271," Cross Plains, WI 53528 ",
Cuba City Chamber of Commerce ,,,(608)744-3456, 108 N Main St," Cuba City, WI 53807 ",
Cudahy Chamber of Commerce ,,,(414)483-8615, 4731 S Packard Ave," Cudahy, WI 53110 ",
Cumberland Chamber of Commerce ,,,(715)822-3378, PO Box 665," Cumberland, WI 54829 ",
Danbury Area Chamber of Commerce ,,,(715)656-3100, 30217 State Road 35 77," Danbury, WI 54830 ",
Danbury Chamber of Commerce ,,,, PO Box 38," Danbury, WI 54830 ",
Darlington Chamber of Commerce ,,,(608)776-3067, 112 W Harriet," Darlington, WI 53530 ",
DeForest Windsor Area Chamber of Commerce ,,www.deforestarea.com,(608)846-2922, 130 W Holum St.," De Forest, WI 53532 ",
Delafield Area Chamber of Commerce ,,www.delafieldchamber.org,(262)370-3861," 421 Main St., P.O. Box 180171 "," Delafield, WI 53018 ",
Delavan-Delavan Lake Area Chamber of Commerce ,,www.delavanwi.org,(262)728-5095, 52 E Walworth Ave.," Delavan, WI 53115 ",
Door County Chamberof Commerce ,,www.doorcountyvacations.com,(920)743-4456, 1015 Green Bay Rd.," Sturgeon Bay, WI 54235 ",
Dousman Chamber of Commerce ,,,(262)965-2131, PO Box 2," Dousman, WI 53118 ",
Eagle River Chamber of Commerce ,,www.eagleriver.org,(715)479-6400, 201 N Railroad St.," Eagle River, WI 54521 ",
Eau Claire Lakes Business Association of Barnes & ,,,(715)376-2322, 13702 Crystal Beach Rd.," Gordon, WI 54838 ",
Edgar Area Business Association ,,,(715)352-2178, 1583 10th Ave.," Edgar, WI 54426 ",
Edgerton Area Chamber of Commerce ,,,(608)884-4408, 20 S Main St.," Edgerton, WI 53534 ",
Elkhart Lake Area Chamber of Commerce ,,www.elkhartlake.com,(920)876-2922, 41 E Rhine St," Elkhart Lake, WI 53020 ",
Evansville Chamber of Commerce ,,,(608)882-5131, 8 West Main St," Evansville, WI 53536 ",
Fennimore Area Chamber of Commerce ,,fennimore.com,(608)822-3599, 850 Lincoln Ave.," Fennimore, WI 53809 ",
Florence County Citizens & Business League ,,,, PO Box 643," Florence, WI 54121 ",
Fox Lake Area Chamber of Commerce ,,www.foxlake.com,(920)928-3777, PO Box 94," Fox Lake, WI 53933 ",
Frederic Area Community Association ,,www.frederic-wi.com,(715)327-4836, PO Box 592," Frederic, WI 54837 ",
Fremont Area Chamber of Commerce ,,www.fremontwis.org,(920)446-3838, PO Box 114," Fremont, WI 54940 ",
Friesland Chamber of Commerce ,,,(920)348-5267, PO Box 127," Friesland, WI 53935 ",
Galesville Area Chamber of Commerce ,,,(608)582-2868, PO Box 196," Galesville, WI 54630 ",
Geneva Lake West Chamber of Commerce ,,www.genevalakewest.com,(262)275-5102, 175 Valley View Dr," Fontana, WI 53125 ",
Glendale Association of Commerce ,,www.glenbiz.com,(414)228-1716, 5909 N Milwaukee River Pkwy.," Glendale, WI 53209 ",
Glendale Chamber of Commerce ,,www.glendale-chamber.com,(414)332-0900, PO Box 170056," Milwaukee, WI 53217 ",
Grafton Area Chamber of Commerce ,,grafton-wi.org,(262)377-1650," 1111 Broad St., P.O. Box 132 "," Grafton, WI 53024 ",
Grantsburg Chamber of Commerce ,,www.grantsburgwi.com,(715)463-2405, 316 S Brad St," Grantsburg, WI 54840 ",
Greater Greenfield Community Chamber ,,,(414)807-2030," 4818 S 76th St., 129 "," Greenfield, WI 53220 ",
Greater Ladysmith Area Chamber of Commerce ,,www.ladysmithchamber.com,(715)532-7328, 205 W 9th Street S," Ladysmith, WI 54848 ",
Greater Mazomanie Area Chamber of Commerce ,,www.mazomaniechamber.com,(608)795-2789, PO Box 211," Mazomanie, WI 53560 ",
Greater Princeton Area Chamber of Commerce ,,www.princetonwi.com,, PO Box 45," Princeton, WI 54968 ",
Greater Union GroveArea Chamber of Commerce ,,www.uniongrovechamber.org,(262)878-4606," 700 Main St., P.O. Box 44 "," Union Grove, WI 53182 ",
Greater Waunakee Area Chamber of Commerce ,,www.waunakeechamber.com,(608)849-5977," 100 E Main St., P.O. Box 41 "," Waunakee, WI 53597 ",
Green Lake Area Chamber of Commerce ,,www.greenlakecc.com,(920)294-3231," 550 Mill St., P.O. Box 337 "," Green Lake, WI 54941 ",
Greenwood Chamber of Commerce ,,,(715)267-7221," 212 S Main St., P.O. Box 86 "," Greenwood, WI 54437 ",
Hartland Area Chamber of Commerce ,,www.hartland-wi.org,(262)367-7059, 140 E Capitol Dr.," Hartland, WI 53029 ",
Hayward Area Chamber of Commerce ,,www.haywardareachamber.com,(715)634-8662, PO Box 726," Hayward, WI 54843 ",
Hispanic Chamber of Commerce of Wisconsin ,,,(414)643-6963, 1021 W National Ave," Milwaukee, WI 53204 ",
Horicon Chamber of Commerce ,,www.horiconchamber.com,(920)485-3200," 319 E Lake St., 101 "," Horicon, WI 53032 ",
Hurley Area Chamber of Commerce ,,www.hurleywi.com,(715)561-4334, 316 Silver St," Hurley, WI 54534 ",
Iola-scandinavia Area Chamber of Commerce ,,www.ischamber.org,(715)445-4000, PO Box 167," Iola, WI 54945 ",
Iron River Area Chamber of Commerce ,,www.visitironriver.com,(715)372-8558, PO Box 448," Iron River, WI 54847 ",
Johnson Creek Area Chamber of Commerce ,,www.johnsoncreekchamber.com,(920)699-4949, 204 Union St," Johnson Creek, WI 53038 ",
Juneau Chamber of Commerce ,,,(920)386-0313," 156 E Oak St., P.O. Box 4 "," Juneau, WI 53039 ",
Kewaskum Area Chamber of Commerce ,,,(262)626-3336, PO Box 300," Kewaskum, WI 53040 ",
Kewaunee Area Chamber of Commerce ,,www.kewaunee.org,(920)388-4822," 308 N Main, P.O. Box 243 "," Kewaunee, WI 54216 ",
Kiel Area Association of Commerce ,,,, PO Box 44," Kiel, WI 53042 ",
Lac du Flambeau Chamber of Commerce ,,www.lacduflambeauchamber.com,(715)588-3346, 14075 Gauthier Lane," Lac du Flambeau, WI 54538 ",
Lake Wisconsin Chamber of Commerce ,,www.lakewisconsin.org,(608)635-8070, PO Box 441," Poynette, WI 53955 ",
Lakewood Area Chamber of Commerce ,,www.lakewoodareachamber.com,(715)276-6500," 15386 State Hwy. 32, P.O. Box 87 "," Lakewood, WI 54138 ",
Lancaster Area Chamber of Commerce ,,www.lancasterwisconsin.com,(608)723-2820, 206 S Madison St.," Lancaster, WI 53813 ",
Land O'lakes Chamber of Commerce ,,www.landolakes-wi.org,(715)547-3432, PO Box 599," Land O' Lakes, WI 54540 ",
Lodi Chamber of Commerce ,,,(608)592-4412, PO Box 43," Lodi, WI 53555 ",
Lomira Area Chamberof Commerce ,,,(920)269-4014, PO Box 386," Lomira, WI 53048 ",
Luxemburg Chamber of Commerce ,,,(920)606-0311, PO Box 141," Luxemburg, WI 54217 ",
Madeline Island Chamber of Commerce ,,www.madelineisland.com,(715)747-2801, PO Box 274," La Pointe, WI 54850 ",
Manawa Area Chamberof Commerce ,,www.manawachamber.org,(920)596-2495, PO Box 221," Manawa, WI 54949 ",
Manitowish Waters Chamber of Commerce ,,manitowishwaters.org/home.html,(715)543-8488," Hwy. 51 & Airport Rd., P.O. Box 251 "," Manitowish Waters, WI 54545 ",
Markesan Area Chamber of Commerce ,,www.markesanwi.com,(920)398-3031, PO Box 327," Markesan, WI 53946 ",
Mauston Chamber of Commerce ,,mauston.com,(608)847-4142," 503 State Rd. 82 E, P.O. Box 171 "," Mauston, WI 53948 ",
Mayville Area Chamber of Commerce ,,www.mayvillechamber.com,(920)387-5776," 200 S Main St., P.O. Box 185 "," Mayville, WI 53050 ",
Mazomanie Chamber of Commerce ,,,(608)795-2117," 11 Brodhead St., P.O. Box 142 "," Mazomanie, WI 53560 ",
McFarland Chamber of Commerce ,,www.mcfarland.k12.wi.us/_chamberofcommer,," 5124 Farwell St., P.O. Box 372 "," McFarland, WI 53558 ",
Medford Area Chamber of Commerce ,,www.medfordwis.com,(715)748-4729, 104 E Perkins St.," Medford, WI 54451 ",
Mellen Area Chamberof Commerce ,,,(715)274-2330, PO Box 193," Mellen, WI 54546 ",
Mercer Chamber of Commerce ,,www.mercercc.com,(715)476-2389, 5150 N Us Highway 51," Mercer, WI 54547 ",
Milton Area Chamberof Commerce ,,www.visitmilton.com,(608)868-6222," 819 E High St, P.O. Box 222 "," Milton, WI 53563 ",
Milwaukee Minority Chamber of Commerce ,,,(414)226-4105, PO Box 1662," Milwaukee, WI 53201 ",
Mineral Point Chamber of Commerce Main St. ,,www.mineralpoint.com,(608)987-3201, 225 High St.," Mineral Point, WI 53565 ",
Mishicot County Chamber of Commerce ,,,(920)684-5575, 1515 Memorial Dr," Manitowoc, WI 54220 ",
Montello Area Chamber of Commerce ,,,(608)297-7420," 640 Main St, PO Box 124 "," Montello, WI 53949 ",
Mosinee Area Chamber of Commerce ,,www.mosineechamber.org,(715)693-4330, 201 Main St," Mosinee, WI 54455 ",
Mukwonago Area Chamber of Commerce ,,www.mukwonagochamber.com,(262)363-7758," 715 Main St., 100 "," Mukwonago, WI 53149 ",
Muscoda Chamber of Commerce ,,,(608)739-9158, PO Box 587," Muscoda, WI 53573 ",
Muskego Area Chamber of Commerce ,,www.muskego.org,(262)679-2550, PO Box 234," Muskego, WI 53150 ",
Nashotah Chamber ofCommerce ,,,(262)367-4211, PO Box 103," Nashotah, WI 53058 ",
Necedah Chamber of Commerce ,,www.necedah.us,(608)565-2261, PO Box 371," Necedah, WI 54646 ",
Neillsville Area Chamber of Commerce ,,www.neillsville.org,(715)743-6444, 500 West St," Neillsville, WI 54456 ",
New Berlin Chamber of Commerce ,,,, 2140 S Calhoun Rd.," New Berlin, WI 53151 ",
New Glarus Chamber of Commerce ,,www.swisstown.com,(608)527-2095," 16 5th Ave., P.O. Box 713 "," New Glarus, WI 53574 ",
New Holstein Area Chamber of Commerce ,,www.newholstein.org,(920)898-5771, PO Box 17," New Holstein, WI 53061 ",
New Lisbon Area Chamber of Commerce ,,www.homestead.com/newlisbonchamber,(608)562-3555," 119 E Bridge St., P.O. Box 79 "," New Lisbon, WI 53950 ",
Oconto Area Chamberof Commerce ,,,(920)834-6254," 110 Brazeau Ave., P.O. Box 174 "," Oconto, WI 54153 ",
Oconto Falls Area Chamber of Commerce ,,,(920)846-3444," 855 S Main St., P.O. Box 24 "," Oconto Falls, WI 54154 ",
Omro Area Chamber of Commerce ,,1omro.com,(920)685-6960, 130 W Larrabee St," Omro, WI 54963 ",
Oregon Area Chamberof Commerce ,,www.oregonwi.com,(608)835-3697, 117 Spring St," Oregon, WI 53575 ",
Owen-withee Area Chamber of Commerce ,,www.owenwitheechamber.org,(715)229-2697, PO Box 186," Owen, WI 54460 ",
Palmyra Area Chamber of Commerce ,,www.palmyrawi.com,(262)495-8316, PO Box 139," Palmyra, WI 53156 ",
Park Falls Area Chamber of Commerce ,,www.parkfalls.com,(715)762-2703, 400 4th Ave. S," Park Falls, WI 54552 ",
Pelican Lake Chamber of Commerce ,,www.pelicanlakewi.org,(715)487-5222, PO Box 45," Pelican Lake, WI 54463 ",
Peshtigo Chamber of Commerce ,,www.peshtigochamber.com,(715)582-0327, PO Box 36," Peshtigo, WI 54157 ",
Pewaukee Chamber of Commerce ,,www.pewaukeechamber.org,(262)691-8851, 214 Oakton Avenue," Pewaukee, WI 53072 ",
Phelps Chamber of Commerce ,,www.phelpswi.org,(715)545-3800, PO Box 217," Phelps, WI 54554 ",
Phillips Area Chamber of Commerce ,,phillipswisconsin.org,(715)339-4100, 305 S Lake Ave.," Phillips, WI 54555 ",
Port Washington Chamber of Commerce ,,www.portwashingchamber.com,(262)284-0900," 126 E Grand Ave., P.O. Box 514 "," Port Washington, WI 53074 ",
Portage Area Chamber of Commerce ,,www.portagewi.com,(608)742-6242," 104 W Cook St, Suite A "," Portage, WI 53901 ",
Potosi-Tennyson Area Chamber of Commerce ,,,(608)763-2261, PO Box 11," Potosi, WI 53820 ",
Poynette Chamber ofCommerce ,,,(608)635-2425, PO Box 625," Poynette, WI 53955 ",
Prairie Du Chien Area Chamber of Commerce ,,www.prairieduchien.org,(608)326-8555, 211 S Main St.," Prairie du Chien, WI 53821 ",
Prescott Area Chamber of Commerce ,,www.prescottwi.com,(715)262-3284, 237 Broad St. N," Prescott, WI 54021 ",
Presque Isle Chamber of Commerce ,,www.presqueislewi.org,(715)686-2910, PO Box 135," Presque Isle, WI 54557 ",
Pulaski Area Chamber of Commerce ,,www.pulaskichamber.org,(920)822-4400," 159 W Pulaski St., P.O. Box 401 "," Pulaski, WI 54162 ",
Randolph Chamber ofCommerce ,,,(920)326-4769, PO Box 66," Randolph, WI 53956 ",
Reedsburg Area Chamber of Commerce ,,www.reedsburg.org,(608)524-2850," 240 Railroad St., P.O. Box 142 "," Reedsburg, WI 53959 ",
Richland Area Chamber of Commerce ,,www.richlandchamber.com,(608)647-6205," 397 W Seminary, P.O. Box 128 "," Richland Center, WI 53581 ",
Ripon Area Chamber of Commerce ,,www.ripon-wi.com,(920)748-6764, 214 Jefferson St.," Ripon, WI 54971 ",
Saint Germain Chamber of Commerce ,,www.st-germain.com,(715)477-2205, 473 Highway 70 East," Saint Germain, WI 54558 ",
Saukville Chamber of Commerce ,,www.village.saukville.wi.us,(262)268-1970, PO Box 80238," Saukville, WI 53080 ",
Sayner-Starlake Chamber of Commerce ,,,(715)542-3789, PO Box 191," Sayner, WI 54560 ",
Sheboygan Falls Chamber of Commerce ,,www.sheboyganfalls.org,(920)467-6206, 504 Broadway St," Sheboygan Falls, WI 53085 ",
Siren Area Chamber of Commerce ,,,(800)788-3164, PO Box 57," Siren, WI 54872 ",
Slinger AdvancementAssociation ,,,(262)644-5866, PO Box 422," Slinger, WI 53086 ",
Somerset Area Chamber of Commerce ,,www.somerset-chamber.com,(715)247-3366, PO Box 357," Somerset, WI 54025 ",
South Milwaukee Community & Business Association ,,www.villageprofile.com,(414)419-7444," 2424 15th Ave., P.O. Box 207 "," South Milwaukee, WI 53172 ",
Sparta Area Chamber of Commerce ,,www.bikesparta.com,(608)269-4123, 111 Milwaukee St.," Sparta, WI 54656 ",
Spencer Area Chamber of Commerce ,,,(715)659-5423," 105 Park St., P.O. Box 52 "," Spencer, WI 54479 ",
Spooner Area Chamber of Commerce ,,www.spoonerchamber.org,(715)635-2168, 122 North River St," Spooner, WI 54801 ",
Spring Green Area Chamber of Commerce ,,,(608)588-2054," PO Box 3, 208 North Winsted Street "," Spring Green, WI 53588 ",
Spring Valley Chamber of Commerce ,,www.springvalleywisconsin.org,(619)670-9902," PO Box 351, Suite 202, PO Box 1211 "," Spring Valley, WI 54767 ",
Stanley Area Chamber of Commerce ,,,(715)644-3333," 117 N Broadway St., P.O. Box 123 "," Stanley, WI 54768 ",
Stone Lake Chamber of Commerce ,,www.stonelakewi.us,(715)865-3378, PO Box 75," Stone Lake, WI 54876 ",
Stratford Chamber of Commerce ,,www.stratfordwi.com,(715)687-4466," PO Box 312, P.O. Box 570 "," Stratford, WI 54484 ",
Superior-Douglas County Chamber of Commerce ,,www.visitsuperior.comorwww.s,(715)394-7716, 205 Belknap St.," Superior, WI 54880 ",
Sussex Area Chamber of Commerce ,,www.sussexareachamber.org,(262)246-4940," N64 W24050 Main St., P.O. Box 24 "," Sussex, WI 53089 ",
Thorp Area Chamber of Commerce ,,,(715)669-5321, PO Box 16," Thorp, WI 54771 ",
Trempealeau Chamber of Commerce ,,www.trempealeau.net,(608)534-6780, 24455 3rd St," Trempealeau, WI 54661 ",
Vilas County Chamber of Commerce ,,,, 330 Court St.," Eagle River, WI 54521 ",
Wabeno Chamber of Commerce ,,,(715)473-2311, PO Box 105," Wabeno, WI 54566 ",
Washburn Area Chamber of Commerce ,,www.washburnchamber.com,(715)373-5017, PO Box 74," Washburn, WI 54891 ",
Washington Island Chamber of Commerce ,,,(920)847-2179," Route 1, Box 222"," Washington Island, WI 54246 ",
Waterford Area Chamber of Commerce ,,www.waterford-wi.org,(262)534-5911, 300 East Main St," Waterford, WI 53185 ",
Waterloo Chamber of Commerce ,,waterloowichamber.com/,(920)478-1000, PO Box 1," Waterloo, WI 53594 ",
Waupun Area Chamberof Commerce ,,www.waupunchamber.com,(920)324-3491, 16 S Mill St," Waupun, WI 53963 ",
Waushara Area Chamber of Commerce ,,www.wausharachamber.com,(920)787-3488," 440 W Main St., P.O. Box 65 "," Wautoma, WI 54982 ",
Wauwatosa Area Chamber of Commerce ,,www.tosachamber.org,(414)453-2330, 2421 N Mayfair Rd.," Milwaukee, WI 53226 ",
Webster Area Chamber of Commerce ,,,, PO Box 48," Webster, WI 54893 ",
West Suburban Chamber of Commerce ,,www.westsuburbanchamber.com,(414)453-2330," 2300 N Mayfair Road, Ste 380 "," Milwaukee, WI 53226 ",
Westby Area Chamber of Commerce ,,www.westbywi.com,(608)634-4011, PO Box 94," Westby, WI 54667 ",
Westfield Chamber of Commerce ,,,(608)296-4146, PO Box 393," Westfield, WI 53964 ",
Weyauwega Area Chamber of Commerce ,,,(920)867-2500, PO Box 531," Weyauwega, WI 54983 ",
Whitehall Area Chamber of Commerce ,,,(715)538-4593, PO Box 281," Whitehall, WI 54773 ",
Wind Lake Chamber of Commerce ,,www.windlake-wi.org,(262)895-7566, 7998 S Loomis Rd," Waterford, WI 53185 ",
Wind Lake Chamber of Commerce ,,,(262)895-6367, 7998 S Loomis Rd.," Wind Lake, WI 53185 ",
Winneconne Area Chamber of Commerce ,,www.winneconne.org,(920)582-4775," 31 S 2nd St, #POBox126"," Winneconne, WI 54986 ",
Winter Area Chamberof Commerce ,,,(715)266-2204, PO Box 245," Winter, WI 54896 ",
Wittenberg Area Chamber of Commerce ,,,(715)253-3525, PO Box 284," Wittenberg, WI 54499 ",
